txHash,tokenId,class,breedCount,withPrice,withPriceUsd,timestamp,numJapan,numMystic,numXmas,level,shouldAscend,part1,part2,part3,part4,part5,part6,summer2022,agamogenesis
0x806fc84905714c337dc3b1e13d5a8489aacca2bfda842b981bab65fb8e0c5be3,2111133,Bird,3,"0,00148","3,0",2023-11-30 01:40:41,0,0,0,1,False,eyes-mavis,ears-owl,back-cupid,mouth-hungry-bird,horn-eggshell,tail-granmas-fan,0,0
0xdbf17cf88e72fadc7a72aa6c160b2f0678671cdc61e37ec5a37780e8bd06b72f,1006308,Plant,5,"0,0015","3,05",2023-11-30 01:40:26,0,0,0,1,False,eyes-confused,ears-leafy,back-pumpkin,mouth-serious,horn-rose-bud,tail-yam,0,0
0x8d0fe93416a2f53b1cf3d54640c43399ae9a224163e15a6a06466133f5edf3e4,11128110,Aquatic,0,"0,00463973","9,42",2023-11-30 01:40:08,0,0,0,4,False,eyes-telescope,ears-friezard,back-sandal,mouth-piranha,horn-arco,tail-nimo,0,0
0x1ea2ca15472331042ba60f163fa081419170a12ebdf67301f3f48c825149d16d,11603628,Aquatic,4,"0,0038","7,71",2023-11-30 01:40:08,0,0,0,1,False,eyes-little-peas,ears-rosa,back-ronin,mouth-goda,horn-arco,tail-nimo,0,0
0x35ee98c848b58b62477600a9e3eda6534c59693076ab23cf9d2dfd39f9daff88,2118082,Bird,3,"0,00147939","3,0",2023-11-30 01:39:47,0,0,0,1,False,eyes-mavis,ears-owl,back-cupid,mouth-little-owl,horn-eggshell,tail-the-last-one,0,0
0xc71ca7d78c2abc6e819bac27ef280ce40b2a74c5058efa538fec085470c34480,6933726,Aquatic,2,"0,00149595","3,04",2023-11-30 01:38:11,0,0,0,1,False,eyes-sleepless,ears-inkling,back-goldfish,mouth-risky-fish,horn-shoal-star,tail-koi,0,0
0x9682bdce10c7a5e3e555bdfb48b6ac8c272f34b57a1527f825080206633cb8d7,11409223,Aquatic,0,"0,008","16,24",2023-11-30 01:37:56,0,0,0,1,False,eyes-zeal,ears-coca,back-blue-moon,mouth-hungry-bird,horn-strawberry-ice-cream,tail-yam,1,0
0x8c80f2547c3b91fdb2bf4bc0a23be231d7bd246d461ea6efd4d8ae9e5e80e6a8,6101219,Plant,4,"0,0015","3,05",2023-11-30 01:37:53,0,0,0,1,False,eyes-papi,ears-clover,back-pumpkin,mouth-zigzag,horn-cactus,tail-hot-butt,0,0
0xdbe923840ce2919c3226d131defcb45b50ef852ac56d6f286e6cc65ed52b7f3e,4474663,Aquatic,0,"0,0019","3,86",2023-11-30 01:37:26,0,0,0,1,False,eyes-gero,ears-nimo,back-scarab,mouth-risky-fish,horn-shoal-star,tail-shrimp,0,0
0xa816ca10a513512b76776d245ff143be1f2fbfdc49e7b9b2a78249253fd0f894,944551,Reptile,3,"0,0022","4,47",2023-11-30 01:37:20,0,0,0,1,False,eyes-tricky,ears-friezard,back-red-ear,mouth-razor-bite,horn-incisor,tail-tiny-dino,0,0
0xecaf644a4b1a9a9208a850292cba3038a4d53a337f96e3cce0194c238bf7f885,3998409,Beast,3,"0,0015835","3,21",2023-11-30 01:37:17,0,0,0,1,False,eyes-zeal,ears-nyan,back-ronin,mouth-goda,horn-imp,tail-cottontail,0,0
0xbf3c8ce0b66038327f7770daf91fe35d3a39035896ea27c0404848e54fb86cfb,11811797,Reptile,0,"0,00127","2,58",2023-11-30 01:36:50,0,0,0,1,False,eyes-gecko,ears-small-frill,back-perch,mouth-herbivore,horn-dual-blade,tail-wall-gecko,0,0
0x454c295e7d9fb5c91dd8fc2347a966591bd449e7102ca47c43971ad189b6ecf2,11111472,Plant,2,"0,005","10,15",2023-11-30 01:36:44,0,0,0,8,False,eyes-confused,ears-clover,back-sandal,mouth-serious,horn-cactus,tail-cattail,0,0
0x19d6c9e8818ac1cdc7b3c6610160ca1ae4c63ec368d338521e33e5b4fa4425a5,11619695,Mech,3,"0,002","4,06",2023-11-30 01:36:26,0,0,0,10,False,eyes-bookworm,ears-tiny-fan,back-buzz-buzz,mouth-silence-whisper,horn-unko,tail-ant,0,0
0x5abb90f338ed61f9ad27cd261ea7e10eec89d6defa2736e57ab19c7e8d64cc8a,6864138,Aquatic,4,"0,00165","3,35",2023-11-30 01:36:23,0,0,0,6,False,eyes-clear,ears-gill,back-goldfish,mouth-risky-fish,horn-dual-blade,tail-nimo,0,0
0xaa28e6c9209522e8abe6adebcef95932fbc64a2ce7f2dc42849e758ab74d91dd,9582894,Mech,3,"0,0028978","5,88",2023-11-30 01:35:38,0,0,0,1,False,eyes-gero,ears-peace-maker,back-hero,mouth-axie-kiss,horn-dual-blade,tail-hare,0,0
0x31547237f1bc9a21278bce830367939c4fa89f9523b27da27c5004437cd9e1bf,7417600,Dusk,5,"0,0018","3,65",2023-11-30 01:35:29,0,0,0,1,False,eyes-clear,ears-bubblemaker,back-snail-shell,mouth-tiny-turtle,horn-lagging,tail-thorny-caterpillar,0,0
0xf44b864d6b1b5ea5ef2396015f595b5c71c6079cffcb7989ed63fff30e968c54,11941873,Aquatic,2,"0,015","30,45",2023-11-30 01:35:05,0,0,0,1,False,eyes-gero,ears-inkling,back-blue-moon,mouth-piranha,horn-eggshell,tail-shrimp,0,0
0x6a05c2e547f1fe5ca3df16d0c4d2870d18ca33e0907b852b69717b52cd1c89de,6467893,Beast,3,"0,0012","2,44",2023-11-30 01:34:32,0,0,0,3,False,eyes-clear,ears-early-bird,back-ronin,mouth-hungry-bird,horn-dual-blade,tail-cottontail,0,0
0xdcc411db4a313d66953f1a73b67b919474ddf861d4c39c08cab58054b3ec32a7,11935585,Bird,0,"0,002","4,06",2023-11-30 01:34:32,0,0,0,3,False,eyes-little-owl,ears-owl,back-sponge,mouth-little-owl,horn-clamshell,tail-swallow,0,0
0x9249dbe195a6e65f7c8f01f5195516584adc02ad7e789cf0c32aefd3c47768ee,745923,Beast,2,"0,0014","2,84",2023-11-30 01:34:26,0,0,0,5,False,eyes-chubby,ears-tassels,back-ronin,mouth-goda,horn-imp,tail-cottontail,0,0
0x015aa0f2840c82a542acbb13e533960da166264044a8c247f3cfbcd851cbf5ca,1462201,Bird,3,"0,00139","2,82",2023-11-30 01:34:08,0,0,0,4,False,eyes-mavis,ears-owl,back-raven,mouth-serious,horn-eggshell,tail-granmas-fan,0,0
0x4b427af8d534a7411fd5e2a8da359dfbb1b75e9c8831461915dfc8582e3623bd,2497678,Plant,2,"0,002","4,06",2023-11-30 01:32:44,0,0,0,10,False,eyes-papi,ears-lotus,back-pumpkin,mouth-herbivore,horn-anemone,tail-hot-butt,0,0
0xe10db7cfefa7606d3f320060334880792a0a206131bf5da323ea759822e622a1,5524587,Plant,3,"0,0015","3,05",2023-11-30 01:32:20,0,0,0,1,False,eyes-confused,ears-lotus,back-pumpkin,mouth-serious,horn-cactus,tail-hot-butt,0,0
0x04da1bb1791e7cf6a415f023d1ec4e195c45836caaf9a8302bbc33e036b9df29,11479240,Reptile,2,"0,002","4,06",2023-11-30 01:31:53,0,0,0,1,False,eyes-topaz,ears-small-frill,back-turnip,mouth-piranha,horn-scaly-spoon,tail-yam,0,0
0x23568020a62b78ce1f3a0abade9466751c05c4d53b958a452c17c8b10669fedf,4911605,Beast,4,"0,0022","4,47",2023-11-30 01:31:20,0,0,0,6,False,eyes-chubby,ears-nyan,back-ronin,mouth-nut-cracker,horn-dual-blade,tail-nut-cracker,0,0
0x90cf0e07c4eff347cef48390b970616f1c9cfa9d9db96fd6cb1c865aa5b57186,11411131,Beast,0,"0,14","284,22",2023-11-30 01:31:02,0,0,0,1,False,eyes-gero,ears-hollow,back-furball,mouth-piranha,horn-incisor,tail-navaga,0,0
0x5a83ce0e9079a21657e17dd9a80468a73060c16a0f93f298eedf59b4364c4b97,222196,Beast,4,"0,00155065","3,15",2023-11-30 01:30:53,0,0,0,5,False,eyes-chubby,ears-nyan,back-ronin,mouth-goda,horn-imp,tail-cottontail,0,0
0xb2528802c8a13ebb8bc6d43bb3d2afd4248c0672af1d033e90f80595050f2605,5607355,Aquatic,4,"0,0016","3,25",2023-11-30 01:30:47,0,0,0,5,False,eyes-papi,ears-gill,back-goldfish,mouth-risky-fish,horn-dual-blade,tail-nimo,0,0
0x0e07407348bee3e4ae8230fa4d3bba124d7f333297f888230361fdae05faba69,11893296,Aquatic,3,"0,10946","222,22",2023-11-30 01:30:38,0,0,0,3,False,eyes-clear,ears-tiny-fan,back-spiky-wing,mouth-catfish,horn-bumpy,tail-koi,0,0
0x669448b142221c71f2d65579cdcda462623359c042d0a5e7b1639b4a44c17f5e,1589068,Plant,3,"0,001259","2,56",2023-11-30 01:30:17,0,0,0,1,False,eyes-chubby,ears-puppy,back-ronin,mouth-zigzag,horn-lagging,tail-ant,0,0
0xfebd9a10671237edd263cebac46cd92c67060fcc536ae58c4082b37b0cdea20d,10344907,Dusk,3,"0,0022","4,47",2023-11-30 01:30:14,0,0,0,6,False,eyes-lucas,ears-friezard,back-indian-star,mouth-tiny-turtle,horn-cerastes,tail-tiny-dino,0,0
0x0d0e0254472f7ac3fd0e41290e65f0ace802a95894e666e2deb4ae329bc548d6,11380071,Bug,5,"0,0125","25,38",2023-11-30 01:30:08,0,0,0,1,False,eyes-flower-sunglasses,ears-owl,back-ronin,mouth-pincer,horn-trump,tail-cotton-candy,1,0
0xcf765dbdcf3712461a23a32dd2f9b57bbf0af540b8b7e1260e0e35897600b203,861013,Plant,3,"0,001985","4,03",2023-11-30 01:29:53,0,0,0,1,False,eyes-confused,ears-rosa,back-pumpkin,mouth-serious,horn-cactus,tail-hot-butt,0,0
0x2c3f341555032605b0f10ec14f55cc10aa51eca368d24e01d6ef24c92958da08,514372,Bird,2,"0,0015","3,05",2023-11-30 01:29:32,0,0,0,1,False,eyes-little-owl,ears-owl,back-raven,mouth-hungry-bird,horn-scaly-spoon,tail-granmas-fan,0,0
0xf87281b6ceb7b9d0539325af9dc36c84406692912a7f9788ac8d46111a6cbc8e,8833958,Dusk,4,"0,008","16,24",2023-11-30 01:29:08,0,0,0,6,False,eyes-little-peas,ears-bubblemaker,back-garish-worm,mouth-tiny-turtle,horn-wing-horn,tail-grass-snake,0,0
0x6d38ded8a21f43fa6114156cc370bf40fd8027df4b8c790993d4445414229471,11923122,Dawn,0,"0,0118","23,96",2023-11-30 01:28:50,0,0,0,11,False,eyes-gero,ears-seaslug,back-sandal,mouth-square-teeth,horn-babylonia,tail-nimo,0,0
0x782cc1675cbbb48b9d9931ad23f8e982fde933dedc78b79c44074d672be6e74e,11545605,Dawn,2,"0,00198783","4,04",2023-11-30 01:28:41,0,0,0,2,False,eyes-scar,ears-curved-spine,back-indian-star,mouth-confident,horn-scaly-spoon,tail-wall-gecko,0,0
0xc75efebfb81bf97ee793d4e61cb8f77ed4929d3619e71c6b158ea385380bb11f,11810766,Dusk,0,"0,001241","2,52",2023-11-30 01:28:23,0,0,0,2,False,eyes-gecko,ears-small-frill,back-snail-shell,mouth-tiny-turtle,horn-trump,tail-potato-leaf,0,0
0x91a2f317d33f40fda4b7218f5f57e96ecd4edccba3b58201358e3f003461500d,10985458,Mech,0,"0,00135","2,74",2023-11-30 01:28:17,0,0,0,1,False,eyes-neo,ears-risky-bird,back-garish-worm,mouth-nut-cracker,horn-imp,tail-nut-cracker,0,0
0xdbe6b4ca19c4861f38d5a7e238211165316e7d57b4a2af269e75481eb53ee389,11612538,Dusk,4,"0,00155","3,15",2023-11-30 01:27:41,0,0,0,1,False,eyes-robin,ears-leaf-bug,back-hero,mouth-toothless-bite,horn-wing-horn,tail-granmas-fan,0,0
0x55f09db572a26c1626701db0ac25b8d20a4ef5f4ae3d72ad91f8dd28dd7ded77,11666373,Bird,0,"0,002","4,06",2023-11-30 01:27:17,0,0,0,1,False,eyes-kotaro,ears-small-frill,back-tri-feather,mouth-herbivore,horn-rose-bud,tail-granmas-fan,0,0
0xee321aefdd8f2069a7793b69f051bd4c06a56157242af394e72497c0d416867d,3003395,Plant,3,"0,002","4,06",2023-11-30 01:27:11,0,0,0,10,False,eyes-papi,ears-rosa,back-watering-can,mouth-serious,horn-beech,tail-carrot,0,0
0xd42f7b7fe12cec5e6017325bd2a0d2faecb7d9a8c798e3339c5b2a27adffbb19,8054245,Bird,4,"0,0016","3,25",2023-11-30 01:26:56,0,0,0,1,False,eyes-little-owl,ears-peace-maker,back-pigeon-post,mouth-doubletalk,horn-eggshell,tail-post-fight,0,0
0x28d32f1ea1b7e81d2b256068eca33f2f192114116e24cdfef7942d4aa3520868,11412667,Mech,0,"0,015","30,45",2023-11-30 01:26:47,0,0,0,6,False,eyes-papi,ears-lotus,back-turnip,mouth-herbivore,horn-strawberry-ice-cream,tail-pupae,1,0
0x4f639c776b40aaeb05ada54273f27347e5bfce91aca18a8faa3f5fa65e8012a1,11843129,Plant,4,"0,0019","3,86",2023-11-30 01:26:32,0,0,0,7,False,eyes-papi,ears-innocent-lamb,back-cupid,mouth-silence-whisper,horn-scaly-spoon,tail-twin-tail,0,0
0x6269c9136961daab892d953492cc99ad342feb295021e32544c860ce7caada11,11940629,Mech,4,"0,00683363","13,87",2023-11-30 01:26:29,0,0,0,1,False,eyes-tricky,ears-tassels,back-indian-star,mouth-silence-whisper,horn-scaly-spoon,tail-ant,0,0
0xdc47e5af38a8eb3d3c766a31a3d93c8af42eafa4deb8375fa3d82184f0062d32,8146445,Reptile,4,"0,0026","5,28",2023-11-30 01:26:14,0,0,0,8,False,eyes-telescope,ears-risky-bird,back-furball,mouth-tiny-turtle,horn-wing-horn,tail-grass-snake,0,0
0x523985a2bf9c8f59490c73b41e25b5154a64964108cb9a66baf5b8991e2c7024,10346662,Reptile,2,"0,0032","6,5",2023-11-30 01:26:08,0,0,0,2,False,eyes-scar,ears-lotus,back-indian-star,mouth-zigzag,horn-scaly-spear,tail-nimo,0,0
0xa51b9d2c5e60afa0eaee62650c44d6bceacc7ace3069def9cd81eb03f81d1f75,9927005,Plant,0,"0,00147","2,98",2023-11-30 01:25:14,0,0,0,1,False,eyes-papi,ears-clover,back-pumpkin,mouth-serious,horn-leaf-bug,tail-yam,0,0
0xc496a1083024af1bc8b7e33e8fa0b340ae58b532132533421a9b865b57f10f50,6028716,Aquatic,3,"0,0015","3,05",2023-11-30 01:24:44,0,0,0,1,False,eyes-clear,ears-inkling,back-goldfish,mouth-catfish,horn-shoal-star,tail-nimo,0,0
0xcb630d62ed4c442a8a4dc253c594d5f80d2961845c53d157e77d8d234ff6196f,6971945,Reptile,0,"0,004","8,12",2023-11-30 01:23:59,0,0,0,3,False,eyes-gecko,ears-curved-spine,back-green-thorns,mouth-tiny-turtle,horn-scaly-spear,tail-grass-snake,0,0
0xd435b66175c240520ce9c84559fbde9b14ec950b739226d1b111c89b4342d149,658835,Plant,1,"0,003","6,09",2023-11-30 01:23:17,0,0,0,5,False,eyes-papi,ears-lotus,back-pumpkin,mouth-zigzag,horn-scaly-spoon,tail-hot-butt,0,0
0x22241b7db04c9b1b52b3e5f2824ef019e72c0ba4d5ea258786aea6460f6d1819,4698621,Plant,3,"0,0015","3,05",2023-11-30 01:23:17,0,0,0,1,False,eyes-confused,ears-rosa,back-pumpkin,mouth-serious,horn-rose-bud,tail-carrot,0,0
0xeea34260a6a0707c77c52eb8ac7fcec3a003f4acb5371a021c99da36e1dd4df8,10425412,Dusk,0,"0,0034","6,9",2023-11-30 01:23:02,0,0,0,1,False,eyes-clear,ears-lotus,back-green-thorns,mouth-tiny-turtle,horn-kestrel,tail-hot-butt,0,0
0xf4e582ae35ba31ce2fd0d5a848be322b712866d262a6d5a77d6b045f79a1ab79,7441668,Aquatic,0,"0,0018","3,65",2023-11-30 01:22:50,0,0,0,1,False,eyes-clear,ears-inkling,back-goldfish,mouth-risky-fish,horn-shoal-star,tail-koi,0,0
0x3a605d8a077011498da626d239cea877679a768ecb9c8b0f7e38c490384d16ea,2705941,Mech,3,"0,001","2,03",2023-11-30 01:22:32,0,0,0,1,False,eyes-chubby,ears-clover,back-ronin,mouth-nut-cracker,horn-imp,tail-nut-cracker,0,0
0x33a63e94b195446c7caea36a0ed81a11a7b78906cc5eaa59e5227a3680949c1a,6578792,Reptile,1,"0,0025","5,08",2023-11-30 01:22:32,0,0,0,1,False,eyes-bookworm,ears-pogona,back-scarab,mouth-kotaro,horn-incisor,tail-tiny-dino,0,0
0x8620d2fd0075932de5bf7b44469afe690dfa826cfbb8b2e431b8a350ad4653a8,10135303,Bug,1,"0,0036","7,31",2023-11-30 01:22:32,0,0,0,2,False,eyes-bookworm,ears-ear-breathing,back-garish-worm,mouth-pincer,horn-parasite,tail-fish-snack,0,0
0x304448499ae16deb6d3397503e5c51ead31ad3823067c6f2d8ab46d9ecd015c4,6212742,Reptile,4,"0,0044","8,93",2023-11-30 01:21:50,0,0,0,1,False,eyes-tricky,ears-earwing,back-garish-worm,mouth-tiny-turtle,horn-wing-horn,tail-grass-snake,0,0
0x3bcce7fa0e4fea71b01fe7e1b305d51592f4dffc39afbe508281d21da423e7ec,9188429,Plant,0,"0,00258","5,24",2023-11-30 01:21:41,0,0,0,7,False,eyes-little-owl,ears-lotus,back-bidens,mouth-silence-whisper,horn-little-branch,tail-cattail,0,0
0x70fb1023f2f7f5556b9b025e3878b87ee16aaa9c8dd73a5407f9a1e78feeb0cb,10836156,Mech,5,"0,006","12,18",2023-11-30 01:21:26,0,0,0,1,False,eyes-little-owl,ears-early-bird,back-hero,mouth-goda,horn-arco,tail-hare,0,0
0x63f2c915c2c40810724ccf2e5048316ab1af60b5a43570a81ec918669e79290c,1579736,Beast,4,"0,0017","3,45",2023-11-30 01:21:14,0,0,0,2,False,eyes-zeal,ears-nut-cracker,back-risky-beast,mouth-nut-cracker,horn-dual-blade,tail-nut-cracker,0,0
0xb7d412b3dfe77a0748d58976a1a8503db996c46e04a614cb781d43d3f50eb45a,3577171,Aquatic,0,"0,0011","2,23",2023-11-30 01:21:02,0,0,0,1,False,eyes-clear,ears-nimo,back-hermit,mouth-piranha,horn-anemone,tail-navaga,0,0
0xe2fb1c24146a9565c4dd2f1b3828f019562d13e200051c48f516d779d66b4e6f,11892079,Aquatic,0,"0,0029","5,89",2023-11-30 01:20:35,0,0,0,1,False,eyes-mavis,ears-nimo,back-goldfish,mouth-lam,horn-babylonia,tail-nimo,0,0
0xa9ca60bff78752cdaf39fa6211ea05431b5480ea202f86dd6c7b382e79a8a2fe,9182910,Aquatic,0,"0,00160074","3,25",2023-11-30 01:20:32,0,0,0,1,False,eyes-clear,ears-inkling,back-goldfish,mouth-risky-fish,horn-shoal-star,tail-nimo,0,0
0x6760f98ecc59435794828accbb9f77529e2f51bd65a3175a60afa34186cf6a43,10795862,Dusk,3,"0,00206074","4,18",2023-11-30 01:20:14,0,0,0,4,False,eyes-telescope,ears-clover,back-bidens,mouth-zigzag,horn-pocky,tail-cattail,0,0
0xfd8a721bb57f3d5c8b17d270fab6efee86e8e6bdf1aa5de3c277476fe7abdcaa,2805465,Aquatic,3,"0,0014985","3,04",2023-11-30 01:20:08,0,0,0,1,False,eyes-gero,ears-gill,back-goldfish,mouth-risky-fish,horn-oranda,tail-koi,0,0
0x3a57227ae04d0dbb7a647144fcf8de33f31f3dd5e0e35850dc16abc5d8ca00c5,11914327,Dusk,0,"0,00306349","6,22",2023-11-30 01:20:08,0,0,0,1,False,eyes-chubby,ears-innocent-lamb,back-risky-beast,mouth-confident,horn-little-branch,tail-cottontail,0,0
0x48d58b8189330a7177605cbbbd4774b64a205ac80b21ae203cb6075dea0ca9a9,4629953,Plant,4,"0,001","2,03",2023-11-30 01:19:11,0,0,0,1,False,eyes-confused,ears-curved-spine,back-pumpkin,mouth-serious,horn-leaf-bug,tail-carrot,0,0
0x5ac5a0da7b73156474014a70bcae8236d4c9831dd4d7e330cd3860db81098205,11207524,Aquatic,0,"0,0025","5,08",2023-11-30 01:19:02,0,0,0,5,False,eyes-clear,ears-seaslug,back-raven,mouth-risky-fish,horn-arco,tail-nimo,0,0
0xb6fa4b06b933c15400b3c84db057ca45500924f4e77843290424403ac0a0ff12,705035,Plant,5,"0,00145","2,94",2023-11-30 01:18:50,0,0,0,1,False,eyes-confused,ears-clover,back-pumpkin,mouth-serious,horn-rose-bud,tail-yam,0,0
0xedf207e9a2c4877fdf2ab0a05c9c4d0519cee42e8b3f1d2fa426c0803ff60af6,11773594,Dusk,0,"0,00206096","4,18",2023-11-30 01:18:50,0,0,0,1,False,eyes-neo,ears-curved-spine,back-jaguar,mouth-doubletalk,horn-shoal-star,tail-cottontail,0,0
0xc5deed0804bae8193ba6a8354278699b973d37d2e3b8cd36e18e21ea0013f85c,6211829,Aquatic,1,"0,002","4,06",2023-11-30 01:18:44,0,0,0,10,False,eyes-little-owl,ears-tiny-fan,back-goldfish,mouth-piranha,horn-shoal-star,tail-nimo,0,0
0xcc0ee5d3064323526b22f2b9d246b9576cda4cc27947cb8da564c42f1e2b2eff,11895094,Bug,4,"0,00368813","7,49",2023-11-30 01:18:35,0,0,0,1,False,eyes-gecko,ears-zen,back-ronin,mouth-confident,horn-imp,tail-shiba,0,0
0xbe0f051ec6cd7317e92cc9c69f525be109aa11c9451f1610e4b5e30673956935,7482410,Reptile,3,"0,0035","7,11",2023-11-30 01:18:32,0,0,0,7,False,eyes-tricky,ears-pogona,back-indian-star,mouth-kotaro,horn-pliers,tail-tiny-dino,0,0
0x519a1cbbe1ea7acab8040e2afbfef6d5618a7d6bcf3967e45f7ef06579a64aea,11766842,Bird,2,"0,00157519","3,2",2023-11-30 01:18:11,0,0,0,2,False,eyes-little-owl,ears-innocent-lamb,back-garish-worm,mouth-goda,horn-wing-horn,tail-cottontail,0,0
0x58814e7561fb78907ce7f92053ca995075b959b9fff0896e76b8df08210325cf,955880,Aquatic,2,"0,0025","5,08",2023-11-30 01:18:05,0,0,0,3,False,eyes-chubby,ears-leafy,back-hero,mouth-catfish,horn-trump,tail-gravel-ant,0,0
0xcdec363ec6cb8c7bda13b545e4247e860500fbe6aa3d6e0accee21bb8678cc2d,4282870,Plant,4,"0,0014","2,84",2023-11-30 01:17:59,0,0,0,1,False,eyes-papi,ears-nimo,back-pumpkin,mouth-serious,horn-cactus,tail-yam,0,0
0x91e2cf1a22f102dd08f637b27b8b4d72c2f37d347dad7684309fb7e1057eb9e4,780039,Plant,4,"0,00145","2,94",2023-11-30 01:17:35,0,0,0,1,False,eyes-papi,ears-lotus,back-pumpkin,mouth-serious,horn-rose-bud,tail-yam,0,0
0x2061586e557d16769a9c7223f9162e39f418d216cbe589be42dd1004766c6df5,1504496,Plant,4,"0,00145","2,94",2023-11-30 01:17:14,0,0,0,1,False,eyes-confused,ears-leafy,back-pumpkin,mouth-serious,horn-rose-bud,tail-yam,0,0
0x2117619b511ab2f91fe1cd93569a9306d25b43d2d6cf8c1f83cf012ac7b1aa21,6006838,Plant,0,"0,0015","3,05",2023-11-30 01:17:02,0,0,0,2,False,eyes-tricky,ears-pink-cheek,back-pumpkin,mouth-kotaro,horn-rose-bud,tail-wall-gecko,0,0
0x200c443bd6c5e92fc78e8266e831abfb81046b3f6a6437a7ce579f0cff33f67a,1504429,Plant,4,"0,00145","2,94",2023-11-30 01:16:50,0,0,0,1,False,eyes-papi,ears-nut-cracker,back-pumpkin,mouth-serious,horn-cactus,tail-yam,0,0
0xb0937697ad4214f9f9209a62b9a361f699d4a407cbe8a3aa954ba83549c232a2,7991385,Aquatic,5,"0,0025","5,08",2023-11-30 01:16:20,0,0,0,12,False,eyes-clear,ears-gill,back-indian-star,mouth-risky-fish,horn-shoal-star,tail-koi,0,0
0xc58ceddba6da567557f426967314ce7d2db32b8c46b00efb9796d476237c2362,11904955,Dusk,4,"0,00999","20,28",2023-11-30 01:16:20,0,0,0,7,False,eyes-tricky,ears-beetle-spike,back-sandal,mouth-goda,horn-scaly-spear,tail-cattail,0,0
0xdd080d37be5cb126010dd0943c03ef40f29eaf3a342bfefdf21761155e342777,8072920,Plant,3,"0,004","8,12",2023-11-30 01:15:23,0,0,0,3,False,eyes-papi,ears-leaf-bug,back-pumpkin,mouth-serious,horn-leaf-bug,tail-yam,0,0
0x3fbe59b48c833235bb0024611ebea108619b11ed9d6bc138fa7a17d2e5ae4f13,6300616,Plant,1,"0,0015","3,05",2023-11-30 01:14:50,0,0,0,1,False,eyes-papi,ears-hollow,back-pumpkin,mouth-serious,horn-bamboo-shoot,tail-carrot,0,0
0x7ed1689432f03c008125ad1d41824a52c4b2fd408cf6263362cfcb13f0b50c10,11011277,Bug,2,"0,004","8,12",2023-11-30 01:14:44,0,0,0,1,False,eyes-sleepless,ears-tassels,back-scarab,mouth-pincer,horn-parasite,tail-fish-snack,0,0
0xae52609ac0a0d06e749b991e23aa3e1a5568b09f3422344db76ff8fb666eb9eb,8499944,Aquatic,3,"0,0015","3,05",2023-11-30 01:14:38,0,0,0,1,False,eyes-clear,ears-inkling,back-goldfish,mouth-risky-fish,horn-teal-shell,tail-nimo,0,0
0xad4f08232588c67c4cc99fb3bdc6662a1322998b080aeb5228132a3630e6ce9e,9103037,Dusk,4,"0,0025","5,08",2023-11-30 01:14:32,0,0,0,2,False,eyes-topaz,ears-nimo,back-snail-shell,mouth-cute-bunny,horn-antenna,tail-gravel-ant,0,0
0x496567ba13b88c9d4792abf9fea844efc7348345071d784eec80893c49597e8e,8306358,Dusk,3,"0,0094","19,08",2023-11-30 01:13:53,0,0,0,5,False,eyes-sleepless,ears-inkling,back-garish-worm,mouth-tiny-turtle,horn-wing-horn,tail-grass-snake,0,0
0x1fce1a9a4352f433a5f563a17285a45e982807deac7e1bb884eb6e736a0f3915,8300014,Aquatic,0,"0,0014989","3,04",2023-11-30 01:13:47,0,0,0,8,False,eyes-telescope,ears-inkling,back-anemone,mouth-lam,horn-oranda,tail-nimo,0,0
0xce624dad41a7edd9e6d5e31f754d0b9c2882657ce583bbf2673c5bec571aaef2,11832050,Beast,0,"0,00149","3,02",2023-11-30 01:13:44,0,0,0,1,False,eyes-blossom,ears-rosa,back-raven,mouth-confident,horn-feather-spear,tail-koi,0,0
0xe167cff2d5ca3a924535f93ab39794674a77cc8f9ead9a0a7b8d14d13812b8f1,11684104,Beast,0,"0,0042","8,53",2023-11-30 01:13:38,0,0,0,5,False,eyes-puppy,ears-nut-cracker,back-perch,mouth-confident,horn-cactus,tail-cottontail,0,0
0x8576df66d902879c43ae1b27cb0e1b673993d0f456de4e04c14e5b5a46c3c23f,900358,Aquatic,3,"0,0012","2,44",2023-11-30 01:13:17,0,0,0,1,False,eyes-clear,ears-nimo,back-goldfish,mouth-tiny-turtle,horn-shoal-star,tail-navaga,0,0
0x9ce54826154449b20442b06debe128e1223f86d8ffb4da9bb87573c78ef18376,7476218,Aquatic,3,"0,00148","3,0",2023-11-30 01:12:41,0,0,0,2,False,eyes-little-peas,ears-nimo,back-tri-spikes,mouth-risky-fish,horn-lagging,tail-nimo,0,0
0x3911519270ccafaeed0fbea96f12a2aeebc685dd476a9ba4562bd5228bcd0da0,11651922,Dusk,3,"0,008","16,24",2023-11-30 01:12:38,0,0,0,5,False,eyes-mavis,ears-rosa,back-garish-worm,mouth-tiny-turtle,horn-watermelon,tail-grass-snake,0,0
0x396ebe699440041810c3561d8463f8296794e30bbffea57eae86fc3f30bdf596,913086,Beast,3,"0,0021","4,26",2023-11-30 01:12:38,0,0,0,1,False,eyes-chubby,ears-nyan,back-ronin,mouth-goda,horn-imp,tail-hare,0,0
0x43addbe417bfab79eca2dd4fd6ab51f8f0257a3cb6d7480344614609f7db8a3c,11578480,Beast,0,"0,007","14,21",2023-11-30 01:12:02,0,0,0,10,False,eyes-puppy,ears-innocent-lamb,back-ronin,mouth-confident,horn-little-branch,tail-hare,0,0
0x615daf2bdcc565c0bc07c1b361f3fabce80f8aeba364ae26600eda5d587b0bb7,2827088,Plant,1,"0,0015","3,05",2023-11-30 01:11:56,0,0,0,1,False,eyes-confused,ears-hollow,back-tri-spikes,mouth-serious,horn-merry,tail-potato-leaf,0,0
0x3a4a96f14f1f77c8e50dc6dfcac1f52aa99253ba091c0597c2e0dcddc7b9bf67,9156688,Aquatic,3,"0,00234367","4,76",2023-11-30 01:11:56,0,0,0,1,False,eyes-clear,ears-nimo,back-anemone,mouth-lam,horn-anemone,tail-nimo,0,0
0xa238e952d4d9425e18dfec9264b45eea35d73357aaa6f26b203521b4924d1efa,2658299,Plant,3,"0,0015","3,05",2023-11-30 01:11:32,0,0,0,1,False,eyes-confused,ears-leafy,back-pumpkin,mouth-serious,horn-leaf-bug,tail-carrot,0,0
0x0778fd5dec57cf8fbaa765bd0fca4617cdcb5cec87c06543164628fd7aa2fff8,3316986,Reptile,4,"0,00152434","3,09",2023-11-30 01:11:02,0,0,0,1,False,eyes-clear,ears-curved-spine,back-snail-shell,mouth-tiny-turtle,horn-lagging,tail-thorny-caterpillar,0,0
0x1e4480506b7c83585a3ecd728d7c5f4bbe950e8a92d6a7b1dd1231cd25dee113,3678865,Bird,2,"0,00112","2,27",2023-11-30 01:10:35,0,0,0,1,False,eyes-mavis,ears-pink-cheek,back-cupid,mouth-nut-cracker,horn-eggshell,tail-granmas-fan,0,0
0xdb20412d6fcb9dc2cbfe6449ad1c59ccb53ca665ccbb21de5d1749fddcb76fbc,1116565,Plant,2,"0,00155648","3,16",2023-11-30 01:10:26,0,0,0,4,False,eyes-mavis,ears-nut-cracker,back-shiitake,mouth-serious,horn-leaf-bug,tail-hatsune,0,0
0x4140875e26971225ab5f5ad40e3445f77ab66da151dea862c6a9606339123b50,7571527,Aquatic,0,"0,00150786","3,06",2023-11-30 01:10:23,0,0,0,1,False,eyes-little-owl,ears-nimo,back-goldfish,mouth-piranha,horn-babylonia,tail-nimo,0,0
0xf7c9530c8f1173a481d1e7c2602514566f407b8635094b21f76b1072e0ce9aae,4937561,Plant,0,"0,003","6,09",2023-11-30 01:10:23,0,0,0,1,False,eyes-confused,ears-leafy,back-pumpkin,mouth-serious,horn-cactus,tail-carrot,0,0
0xaa9c7f3b94549d58a454b8608e50838e98b8188d12056249a9cc3a3276a4b0a1,648160,Reptile,3,"0,0065","13,2",2023-11-30 01:10:20,0,0,0,2,False,eyes-tricky,ears-curved-spine,back-croc,mouth-kotaro,horn-incisor,tail-rice,0,0
0xa092f485000526fcc519e59d6611bd9f81ff9cdd3c1ff474954651de30717c7b,10773081,Mech,2,"0,0019243","3,91",2023-11-30 01:09:32,0,0,0,6,False,eyes-mavis,ears-curly,back-risky-beast,mouth-axie-kiss,horn-dual-blade,tail-hare,0,0
0x3f22128da663aa754dba379e1ba2d4a6952fb40575193adc5006693c084dc3a0,7483948,Plant,2,"0,00109","2,21",2023-11-30 01:08:14,0,0,0,6,False,eyes-bookworm,ears-belieber,back-pumpkin,mouth-serious,horn-cactus,tail-carrot,0,0
0x07c44e310382a6c7a29c83477ea7bb77c57e743519d3637225fb089839a2e475,7658277,Plant,0,"0,0016","3,25",2023-11-30 01:08:14,0,0,0,1,False,eyes-confused,ears-bubblemaker,back-pumpkin,mouth-serious,horn-rose-bud,tail-yam,0,0
0xbb06ed001f4efe1e18465d28b150155a9d946ebb32b4038e6d92ad290b1e08f1,11109383,Reptile,1,"0,004","8,12",2023-11-30 01:08:14,0,0,0,1,False,eyes-nerdy,ears-curved-spine,back-indian-star,mouth-piranha,horn-lagging,tail-tiny-dino,0,0
0x542f93f6b4a1eecd2e9c4a61d47624b0e6db40b31600d028c50df86f81a1c04a,11901262,Aquatic,0,"0,0015","3,05",2023-11-30 01:08:08,0,0,0,1,False,eyes-zeal,ears-curly,back-anemone,mouth-catfish,horn-babylonia,tail-nimo,0,0
0x612715af0e9a1a3f0fe4204b702129dd20fec68aa4fd8c3402333cf67f946c62,11912362,Aquatic,0,"0,005","10,15",2023-11-30 01:08:05,0,0,0,9,True,eyes-sleepless,ears-nimo,back-sandal,mouth-serious,horn-babylonia,tail-nimo,0,0
0xbca61084c37c7d336fd954635492a127f571d054aae02a952835d736e261392d,11935892,Plant,0,"0,003","6,09",2023-11-30 01:07:41,0,0,0,1,False,eyes-nerdy,ears-innocent-lamb,back-bidens,mouth-zigzag,horn-kestrel,tail-cattail,0,0
0xb6e496fe9a67017710441d3f2f9bf690e45a26fb4445c8a39f9ef88847b41761,5706872,Aquatic,4,"0,0015","3,05",2023-11-30 01:07:29,0,0,0,1,False,eyes-clear,ears-bubblemaker,back-goldfish,mouth-risky-fish,horn-shoal-star,tail-koi,0,0
0x1f90fb3b95d9fa9b08ea57c069f43ca50cd3ef543810f5b12c8a24d5e9ce56a5,9001967,Bird,4,"0,00279","5,66",2023-11-30 01:07:23,0,0,0,2,False,eyes-mavis,ears-owl,back-pigeon-post,mouth-little-owl,horn-eggshell,tail-post-fight,0,0
0xa2ec3af8058cde01b01993a84458c132ef60ed67eac499867d002fb5ef5efe00,2470885,Reptile,3,"0,001286","2,61",2023-11-30 01:07:17,0,0,0,1,False,eyes-clear,ears-bubblemaker,back-snail-shell,mouth-peace-maker,horn-pocky,tail-grass-snake,0,0
0xcad7334b621789961d0d2988927247a98987516de3ad6fb0729b70b9009158c7,5102569,Beast,3,"0,002","4,06",2023-11-30 01:07:08,0,0,0,8,False,eyes-chubby,ears-nyan,back-ronin,mouth-nut-cracker,horn-imp,tail-hare,0,0
0xd1abd78712289b3c56114d2711099af505a15f69bd04f17cdee43367537de45f,10985458,Mech,0,"0,0011","2,23",2023-11-30 01:07:05,0,0,0,1,False,eyes-neo,ears-risky-bird,back-garish-worm,mouth-nut-cracker,horn-imp,tail-nut-cracker,0,0
