,Axie ID,Class,Axie Eyes Part ID,Axie Ears Part ID,Axie Horn Part ID,Axie Back Part ID,Axie Mouth Part ID,Axie Tail Part ID
0,11844610,Plant,Clear,Nimo,Sponge,Risky Fish,Oranda,Nimo
1,11844611,Plant,Clear,Nimo,Sponge,Risky Fish,Oranda,Nimo
2,11929092,Dawn,Sleepless,Nimo,Sandal,Piranha,Babylonia,Nimo
3,11928579,Dawn,Sleepless,Nimo,Sandal,Piranha,Babylonia,Nimo
4,11925510,Mech,Sleepless,Nimo,Sandal,Piranha,Babylonia,Nimo
5,11884551,Bird,Tricky,Innocent Lamb,Tri Feather,Hungry Bird,Feather Spear,Cloud
6,11844616,Plant,Clear,Nimo,Sponge,Lam,Oranda,Nimo
7,11947529,Dawn,Sleepless,Nimo,Sandal,Toothless Bite,Trump,Nimo
8,11934218,Bird,Mavis,Innocent Lamb,Tri Feather,Peace Maker,Wing Horn,Cloud
9,11894280,Bird,Kotaro?,Earwing,Tri Feather,Peace Maker,Wing Horn,Granma's Fan
10,12,,,,,,,
11,11920395,Mech,Chubby,Pink Cheek,Cupid,Axie Kiss,Dual Blade,Cottontail
12,11899402,Dawn,Gero,Nimo,Anemone,Risky Fish,Anemone,Nimo
13,11942927,Plant,Lucas,Innocent Lamb,Bidens,Silence Whisper,Rose Bud,Ant
14,11894287,Beast,Puppy,Nimo,Perch,Confident,Little Branch,Nimo
15,11936271,Mech,Sleepless,Nimo,Sandal,Square Teeth,Babylonia,Nimo
16,11921426,Aquatic,Tricky,Nimo,Spiky Wing,Silence Whisper,Unko,Nimo
17,11933713,Mech,Little Peas,Tiny Fan,Sandal,Piranha,Oranda,Nimo
18,11649554,Dawn,Robin,Earwing,Tri Feather,Axie Kiss,Wing Horn,Granma's Fan
19,11875352,Aquatic,Gero,Nimo,Sandal,Piranha,Shoal Star,Nimo
20,11933721,Aquatic,Sleepless,Nimo,Sandal,Square Teeth,Oranda,Nimo
21,11929119,Aquatic,Sleepless,Nimo,Sandal,Square Teeth,Babylonia,Nimo
22,11943967,Bird,Bookworm,Pink Cheek,Tri Feather,Toothless Bite,Wing Horn,Cloud
23,11925023,Beast,Puppy,Nimo,Perch,Confident,Imp,Nimo
24,11935264,Plant,Tricky,Innocent Lamb,Bidens,Silence Whisper,Rose Bud,Cattail
25,11896355,Dawn,Sleepless,Nimo,Sandal,Piranha,Babylonia,Nimo
26,11925029,Beast,Puppy,Innocent Lamb,Perch,Confident,Arco,Nimo
27,11670565,Bird,Little Owl,Owl,Tri Feather,Little Owl,Kestrel,Cloud
28,11888167,Mech,Sleepless,Nimo,Sandal,Square Teeth,Babylonia,Nimo
29,11911209,Reptile,Gecko,Friezard,Green Thorns,Tiny Turtle,Dual Blade,Cottontail
30,11858478,Mech,Kotaro?,Pink Cheek,Tri Feather,Little Owl,Wing Horn,Feather Fan
31,11919920,Aquatic,Gero,Nimo,Sponge,Square Teeth,Oranda,Ranchu
32,11915314,Aquatic,Sleepless,Nimo,Sandal,Square Teeth,Babylonia,Nimo
33,11937332,Aquatic,Sleepless,Seaslug,Anemone,Risky Fish,Babylonia,Nimo
34,11945012,Mech,Topaz,Earwing,Tri Feather,Kotaro,Feather Spear,Cloud
35,11636790,Dawn,Telescope,Nimo,Sponge,Risky Fish,Shoal Star,Nimo
36,11895354,Dawn,Puppy,Nimo,Buzz Buzz,Confident,Cactus,Nimo
37,11939899,Bird,Lucas,Early Bird,Tri Feather,Hungry Bird,Wing Horn,Cloud
38,11897404,Beast,Chubby,Earwing,Cupid,Hungry Bird,Arco,Gerbil
39,11939901,Bird,Lucas,Pink Cheek,Tri Feather,Hungry Bird,Wing Horn,Cloud
40,11943996,Bird,Lucas,Pink Cheek,Tri Feather,Hungry Bird,Wing Horn,Cloud
41,11934781,Dawn,Sleepless,Nimo,Sandal,Piranha,Trump,Nimo
42,11939392,Bird,Clear,Innocent Lamb,Tri Feather,Cute Bunny,Wing Horn,Cloud
43,11884098,Mech,Kotaro?,Earwing,Tri Feather,Hungry Bird,Wing Horn,Cottontail
44,11603447,Mech,Gecko,Tassels,Indian Star,Tiny Turtle,Scaly Spoon,Ant
45,11936838,Bird,Lucas,Pink Cheek,Tri Feather,Hungry Bird,Wing Horn,Cloud
46,11936841,Mech,Kotaro?,Earwing,Tri Feather,Hungry Bird,Wing Horn,Cloud
47,11939914,Mech,Lucas,Sidebarb,Tri Feather,Hungry Bird,Wing Horn,Cloud
48,11939913,Mech,Lucas,Earwing,Tri Feather,Kotaro,Trump,Cloud
49,11925068,Dawn,Nerdy,Nimo,Sandal,Zigzag,Oranda,Nimo
50,11910732,Mech,Sleepless,Nimo,Sandal,Square Teeth,Babylonia,Nimo
51,11926093,Beast,Chubby,Earwing,Cupid,Square Teeth,Arco,Gerbil
52,11940943,Bird,Robin,Pink Cheek,Cupid,Axie Kiss,Feather Spear,Cloud
53,11904589,Mech,Kotaro?,Earwing,Tri Feather,Kotaro,Wing Horn,Cottontail
54,11940433,Bird,Robin,Pink Cheek,Tri Feather,Kotaro,Wing Horn,Ant
55,11937363,Beast,Chubby,Earwing,Cupid,Square Teeth,Arco,Gerbil
56,11919955,Beast,Chubby,Earwing,Cupid,Hungry Bird,Arco,Ranchu
57,11912278,Mech,Sleepless,Nimo,Sandal,Piranha,Babylonia,Nimo
58,11920983,Beast,Little Peas,Zen,Tri Feather,Confident,Trump,Feather Fan
59,11933784,Bird,Kotaro?,Pink Cheek,Tri Feather,Kotaro,Wing Horn,Cloud
60,11936856,Aquatic,Sleepless,Nimo,Sandal,Square Teeth,Babylonia,Nimo
61,11939926,Mech,Lucas,Earwing,Tri Feather,Toothless Bite,Wing Horn,Cloud
62,11932763,Aquatic,Sleepless,Nimo,Sandal,Square Teeth,Oranda,Nimo
63,11945051,Bird,Gecko,Earwing,Tri Feather,Kotaro,Wing Horn,Cloud
64,11927643,Mech,Nerdy,Pink Cheek,Tri Feather,Confident,Wing Horn,Granma's Fan
65,11931742,Mech,Kotaro?,Earwing,Tri Feather,Piranha,Wing Horn,Cloud
66,11918938,Plant,Gecko,Nimo,Sponge,Tiny Turtle,Cactus,Nimo
67,11931744,Mech,Kotaro?,Innocent Lamb,Tri Feather,Kotaro,Wing Horn,Cloud
68,11931235,Mech,Puppy,Zen,Ronin,Confident,Imp,Shiba
69,11918950,Plant,Gecko,Nimo,Sponge,Toothless Bite,Cactus,Nimo
70,11636333,Bird,Kotaro?,Earwing,Tri Feather,Kotaro,Wing Horn,Granma's Fan
71,11934324,Aquatic,Sleepless,Nimo,Sandal,Square Teeth,Babylonia,Nimo
72,11675254,Plant,Scar,Pink Cheek,Tri Feather,Little Owl,Feather Spear,Feather Fan
73,11936378,Dawn,Sleepless,Seaslug,Anemone,Piranha,Anemone,Nimo
74,11895418,Dawn,Sleepless,Nimo,Sandal,Piranha,Babylonia,Nimo
75,11692670,Bird,Clear,Innocent Lamb,Tri Feather,Doubletalk,Wing Horn,Cloud
76,11915391,Aquatic,Sleepless,Nimo,Anemone,Lam,Anemone,Nimo
77,11913344,Plant,Clear,Nimo,Sponge,Piranha,Oranda,Nimo
78,11944063,Bird,Topaz,Earwing,Tri Feather,Kotaro,Wing Horn,Cloud
79,11944069,Bird,Clear,Earwing,Tri Feather,Kotaro,Wing Horn,Cloud
80,11895434,Dawn,Sleepless,Nimo,Sandal,Piranha,Trump,Nimo
81,11937419,Mech,Sleepless,Nimo,Sandal,Square Teeth,Babylonia,Nimo
82,11934350,Mech,Sleepless,Nimo,Sandal,Square Teeth,Babylonia,Nimo
83,11931280,Beast,Chubby,Innocent Lamb,Green Thorns,Square Teeth,Arco,Ant
84,11889808,Reptile,Gecko,Nimo,Sponge,Razor Bite,Cactus,Nimo
85,11923099,Dawn,Sleepless,Seaslug,Sandal,Square Teeth,Babylonia,Nimo
86,11701404,Mech,Tricky,Innocent Lamb,Red Ear,Nut Cracker,Leaf Bug,Ant
87,11926685,Beast,Little Peas,Zen,Ronin,Confident,Imp,Shiba
88,11933342,Aquatic,Sleepless,Nimo,Sandal,Square Teeth,Babylonia,Nimo
89,11933853,Plant,Gecko,Pink Cheek,Cupid,Axie Kiss,Arco,Cottontail
90,11940512,Aquatic,Mavis,Nimo,Sandal,Square Teeth,Babylonia,Nimo
91,11938977,Mech,Topaz,Pink Cheek,Tri Feather,Axie Kiss,Wing Horn,Cloud
92,11932322,Reptile,Gecko,Nimo,Sponge,Tiny Turtle,Incisor,Nimo
93,11904162,Dawn,Sleepless,Nimo,Sandal,Piranha,Babylonia,Nimo
94,11931300,Bug,Puppy,Zen,Hero,Confident,Imp,Shiba
95,11912358,Aquatic,Sleepless,Nimo,Sandal,Square Teeth,Babylonia,Nimo
96,11933351,Aquatic,Clear,Nimo,Sandal,Square Teeth,Babylonia,Nimo
97,11934375,Bird,Little Peas,Pink Cheek,Tri Feather,Little Owl,Feather Spear,Cloud
98,11938470,Bird,Nerdy,Earwing,Tri Feather,Hungry Bird,Wing Horn,Granma's Fan
99,11880614,Bird,Robin,Earwing,Tri Feather,Confident,Feather Spear,Cloud
100,11903144,Mech,Sleepless,Nimo,Sandal,Piranha,Babylonia,Nimo
101,11949229,Mech,Little Peas,Pink Cheek,Tri Feather,Hungry Bird,Wing Horn,Cloud
102,11934202,Beast,Chubby,Earwing,Cupid,Catfish,Arco,Gerbil
103,11935411,Beast,Nerdy,Earwing,Buzz Buzz,Axie Kiss,Arco,Gerbil
104,11915957,Aquatic,Sleepless,Nimo,Sandal,Square Teeth,Oranda,Nimo
105,11911861,Bug,Kotaro?,Earwing,Tri Feather,Kotaro,Wing Horn,Cottontail
106,11918521,Mech,Sleepless,Nimo,Sandal,Square Teeth,Babylonia,Nimo
107,8149183,Aquatic,Tricky,Nimo,Goldfish,Lam,Cactus,Nimo
108,11918528,Mech,Sleepless,Nimo,Sandal,Square Teeth,Babylonia,Nimo
109,11862721,Reptile,Gecko,Nimo,Sponge,Tiny Turtle,Incisor,Nimo
110,11862719,Reptile,Gecko,Nimo,Sponge,Tiny Turtle,Incisor,Nimo
111,11925185,Mech,Chubby,Pink Cheek,Cupid,Axie Kiss,Arco,Cottontail
112,11934404,Beast,Puppy,Nimo,Perch,Confident,Little Branch,Nimo
113,11910852,Dawn,Sleepless,Nimo,Sandal,Piranha,Babylonia,Nimo
114,11934919,Mech,Sleepless,Nimo,Sandal,Square Teeth,Babylonia,Nimo
115,11870407,Beast,Puppy,Zen,Ronin,Confident,Imp,Shrimp
116,11915466,Bird,Gero,Nimo,Sandal,Square Teeth,Babylonia,Nimo
117,11904714,Reptile,Chubby,Pink Cheek,Bone Sail,Herbivore,Dual Blade,Ranchu
118,11942090,Mech,Sleepless,Nimo,Sandal,Square Teeth,Babylonia,Nimo
119,11917514,Beast,Puppy,Nimo,Perch,Confident,Little Branch,Nimo
120,11926221,Reptile,Gecko,Nimo,Sponge,Catfish,Cactus,Nimo
121,11934927,Mech,Sleepless,Nimo,Sandal,Square Teeth,Babylonia,Nimo
122,2416336,Reptile,Lucas,Pogona,Tri Spikes,Tiny Turtle,Scaly Spoon,Tiny Dino
123,11933904,Dawn,Sleepless,Seaslug,Anemone,Lam,Anemone,Nimo
124,11915986,Beast,Chubby,Innocent Lamb,Scarab,Razor Bite,Arco,Cattail
125,11945166,Dawn,Sleepless,Nimo,Sandal,Piranha,Trump,Nimo
126,11613912,Bird,Robin,Earwing,Tri Feather,Doubletalk,Kestrel,Granma's Fan
127,11926234,Beast,Chubby,Earwing,Cupid,Square Teeth,Arco,Gerbil
128,6337243,Reptile,Clear,Peace Maker,Tri Spikes,Tiny Turtle,Incisor,Cloud
129,11931355,Dawn,Sleepless,Nimo,Sandal,Piranha,Trump,Nimo
130,11908320,Reptile,Chubby,Friezard,Green Thorns,Razor Bite,Dual Blade,Iguana
131,11926241,Beast,Papi,Earwing,Cupid,Square Teeth,Arco,Gerbil
132,11934434,Bug,Gecko,Nimo,Sponge,Catfish,Shoal Star,Nimo
133,11925217,Mech,Chubby,Pink Cheek,Scarab,Axie Kiss,Dual Blade,Cottontail
134,11918566,Dawn,Sleepless,Nimo,Sandal,Piranha,Babylonia,Nimo
135,11934439,Reptile,Gecko,Nimo,Sponge,Tiny Turtle,Cactus,Nimo
136,11651304,Dawn,Clear,Nimo,Sponge,Herbivore,Oranda,Nimo
137,11917033,Beast,Chubby,Earwing,Buzz Buzz,Axie Kiss,Arco,Gerbil
138,11913448,Aquatic,Clear,Nimo,Sponge,Square Teeth,Oranda,Nimo
139,11940586,Dawn,Sleepless,Nimo,Sandal,Zigzag,Trump,Nimo
140,11918056,Mech,Puppy,Early Bird,Tri Feather,Little Owl,Feather Spear,Feather Fan
141,11706088,Mech,Kotaro?,Earwing,Tri Feather,Kotaro,Wing Horn,Granma's Fan
142,11935982,Mech,Sleepless,Nimo,Sandal,Square Teeth,Babylonia,Nimo
143,11912943,Aquatic,Sleepless,Nimo,Sandal,Square Teeth,Babylonia,Nimo
144,11650291,Bird,Robin,Earwing,Tri Feather,Confident,Trump,Granma's Fan
145,11931381,Dawn,Sleepless,Nimo,Sandal,Piranha,Trump,Nimo
146,11939063,Beast,Little Peas,Zen,Ronin,Confident,Imp,Shiba
147,11811064,Aquatic,Gero,Nimo,Sponge,Square Teeth,Shoal Star,Nimo
148,11945721,Bug,Nerdy,Pink Cheek,Tri Feather,Confident,Wing Horn,Cloud
149,11905786,Plant,Clear,Nimo,Sponge,Piranha,Oranda,Nimo
150,11885307,Aquatic,Nerdy,Nimo,Sandal,Piranha,Babylonia,Nimo
151,11934969,Mech,Sleepless,Nimo,Sandal,Square Teeth,Babylonia,Nimo
152,11700987,Mech,Robin,Earwing,Tri Feather,Toothless Bite,Wing Horn,Granma's Fan
153,11905790,Bug,Clear,Nimo,Red Ear,Toothless Bite,Oranda,Nimo
154,87807,Bird,Lucas,Pink Cheek,Cupid,Doubletalk,Wing Horn,Ant
155,11929855,Dawn,Sleepless,Seaslug,Anemone,Piranha,Anemone,Nimo
156,11915013,Dawn,Sleepless,Nimo,Sandal,Piranha,Babylonia,Nimo
157,11910919,Dawn,Sleepless,Nimo,Sandal,Piranha,Babylonia,Nimo
158,11840776,Mech,Puppy,Zen,Ronin,Confident,Imp,Shiba
159,11918601,Aquatic,Sleepless,Nimo,Sandal,Square Teeth,Babylonia,Nimo
160,11391754,Reptile,Gecko,Pogona,Tri Spikes,Tiny Turtle,Scaly Spear,Cloud
161,11858187,Reptile,Gecko,Nimo,Sponge,Tiny Turtle,Oranda,Nimo
162,11715337,Mech,Puppy,Pogona,Ronin,Confident,Imp,Shiba
163,11918854,Dawn,Sleepless,Nimo,Sandal,Piranha,Babylonia,Nimo
164,11900177,Aquatic,Sleepless,Nimo,Sandal,Square Teeth,Babylonia,Nimo
165,11934994,Aquatic,Gero,Nimo,Sponge,Square Teeth,Shoal Star,Nimo
166,11935508,Mech,Lucas,Earwing,Tri Feather,Kotaro,Wing Horn,Cloud
167,11934996,Aquatic,Sleepless,Nimo,Sponge,Square Teeth,Shoal Star,Nimo
168,11932949,Bird,Lucas,Early Bird,Tri Feather,Hungry Bird,Feather Spear,Feather Fan
169,11677976,Bird,Kotaro?,Earwing,Tri Feather,Kotaro,Wing Horn,Granma's Fan
170,11927506,Beast,Little Peas,Zen,Ronin,Confident,Imp,Hare
171,11903256,Dawn,Sleepless,Nimo,Sandal,Piranha,Babylonia,Nimo
172,11902238,Beast,Chubby,Earwing,Buzz Buzz,Axie Kiss,Arco,Gerbil
173,11876638,Dawn,Sleepless,Nimo,Sandal,Piranha,Trump,Nimo
174,11871010,Aquatic,Sleepless,Nimo,Sandal,Square Teeth,Babylonia,Nimo
175,11888932,Mech,Chubby,Pink Cheek,Cupid,Square Teeth,Dual Blade,Cottontail
176,11918629,Aquatic,Nerdy,Nimo,Sandal,Square Teeth,Shoal Star,Nimo
177,11653927,Bird,Mavis,Earwing,Tri Feather,Square Teeth,Wing Horn,Granma's Fan
178,11927340,Mech,Sleepless,Nimo,Sandal,Piranha,Babylonia,Nimo
179,11897645,Mech,Chubby,Pink Cheek,Hero,Axie Kiss,Arco,Cottontail
180,11927856,Mech,Sleepless,Nimo,Sandal,Piranha,Babylonia,Nimo
181,11919666,Mech,Gero,Seaslug,Anemone,Axie Kiss,Anemone,Nimo
182,11925300,Mech,Sleepless,Nimo,Sandal,Square Teeth,Babylonia,Nimo
183,11938103,Bird,Topaz,Swirl,Tri Feather,Doubletalk,Feather Spear,Cloud
184,11941688,Mech,Puppy,Innocent Lamb,Perch,Confident,Arco,Nimo
185,11914552,Mech,Kotaro?,Bubblemaker,Tri Feather,Kotaro,Wing Horn,Shrimp
186,11906874,Aquatic,Clear,Nimo,Sponge,Square Teeth,Oranda,Nimo
187,11920701,Beast,Little Peas,Zen,Ronin,Confident,Imp,Shrimp
188,11920192,Dawn,Gero,Nimo,Sandal,Piranha,Babylonia,Nimo
189,11926339,Mech,Gero,Seaslug,Anemone,Lam,Anemone,Nimo
190,11898181,Beast,Chubby,Earwing,Cupid,Axie Kiss,Arco,Granma's Fan
191,11912006,Beast,Chubby,Earwing,Cupid,Hungry Bird,Arco,Granma's Fan
192,11903302,Mech,Sleepless,Nimo,Sandal,Square Teeth,Babylonia,Nimo
193,11909964,Bird,Kotaro?,Earwing,Tri Feather,Kotaro,Wing Horn,Cottontail
194,11915600,Mech,Tricky,Innocent Lamb,Indian Star,Silence Whisper,Rose Bud,Potato Leaf
195,11929939,Aquatic,Sleepless,Nimo,Sandal,Square Teeth,Oranda,Nimo
196,11893076,Bird,Clear,Earwing,Tri Feather,Confident,Wing Horn,Ranchu
197,11929945,Aquatic,Sleepless,Nimo,Sandal,Square Teeth,Oranda,Nimo
198,11935066,Mech,Little Peas,Zen,Ronin,Confident,Imp,Shiba
199,11938650,Mech,Topaz,Pink Cheek,Tri Feather,Axie Kiss,Feather Spear,Feather Fan
200,11938140,Mech,Sleepless,Nimo,Anemone,Lam,Anemone,Nimo
201,11941213,Mech,Sleepless,Nimo,Sandal,Square Teeth,Babylonia,Nimo
202,11889502,Bird,Nerdy,Earwing,Tri Feather,Axie Kiss,Wing Horn,Granma's Fan
203,11637088,Mech,Clear,Tassels,Indian Star,Silence Whisper,Scaly Spoon,Ant
204,11912033,Beast,Little Peas,Earwing,Cupid,Hungry Bird,Arco,Gerbil
205,11904354,Aquatic,Sleepless,Nimo,Sandal,Square Teeth,Babylonia,Nimo
206,11710818,Aquatic,Gero,Nimo,Sponge,Square Teeth,Shoal Star,Nimo
207,11730275,Mech,Kotaro?,Earwing,Tri Feather,Confident,Wing Horn,Shrimp
208,1233253,Bird,Mavis,Pink Cheek,Cupid,Peace Maker,Kestrel,Cattail
209,11917152,Plant,Neo,Innocent Lamb,Bidens,Herbivore,Rose Bud,Cattail
210,11767659,Dawn,Tricky,Tassels,Watering Can,Silence Whisper,Scaly Spoon,Potato Leaf
211,11938155,Mech,Nerdy,Sakura,Tri Feather,Tiny Turtle,Wing Horn,Cloud
212,11910512,Mech,Chubby,Pink Cheek,Scarab,Axie Kiss,Dual Blade,Cottontail
213,11882353,Mech,Sleepless,Nimo,Sandal,Piranha,Merry,Nimo
214,11940214,Mech,Puppy,Innocent Lamb,Perch,Confident,Little Branch,Nimo
215,11836792,Reptile,Gecko,Pink Cheek,Tri Spikes,Tiny Turtle,Scaly Spear,Wall Gecko
216,11913592,Bird,Robin,Innocent Lamb,Tri Feather,Peace Maker,Wing Horn,Cloud
217,11935098,Mech,Puppy,Zen,Ronin,Confident,Imp,Shiba
218,11931517,Aquatic,Sleepless,Nimo,Sponge,Square Teeth,Shoal Star,Nimo
219,11931519,Aquatic,Gero,Nimo,Sponge,Square Teeth,Shoal Star,Nimo
220,11901311,Mech,Sleepless,Nimo,Sandal,Piranha,Babylonia,Nimo
221,11918720,Reptile,Chubby,Small Frill,Green Thorns,Razor Bite,Dual Blade,Grass Snake
222,11941252,Bird,Clear,Earwing,Tri Feather,Cute Bunny,Wing Horn,Cloud
223,11907979,Mech,Sleepless,Nimo,Sandal,Square Teeth,Shoal Star,Nimo
224,11937676,Bird,Topaz,Pink Cheek,Tri Feather,Peace Maker,Feather Spear,Cloud
225,11699596,Mech,Mavis,Earwing,Tri Feather,Axie Kiss,Wing Horn,Granma's Fan
226,11890574,Bird,Mavis,Pink Cheek,Tri Feather,Peace Maker,Feather Spear,Cloud
227,11761146,Bird,Topaz,Innocent Lamb,Tri Feather,Kotaro,Feather Spear,Cloud
228,11905938,Reptile,Topaz,Nimo,Sponge,Square Teeth,Oranda,Nimo
229,11934613,Aquatic,Sleepless,Nimo,Sponge,Square Teeth,Shoal Star,Nimo
230,11930518,Mech,Sleepless,Nimo,Sandal,Square Teeth,Babylonia,Nimo
231,11657623,Reptile,Gecko,Rosa,Green Thorns,Tiny Turtle,Oranda,Wall Gecko
232,11905431,Mech,Sleepless,Nimo,Sandal,Square Teeth,Babylonia,Nimo
233,11941270,Dawn,Sleepless,Seaslug,Anemone,Piranha,Anemone,Nimo
234,11653535,Bird,Nerdy,Earwing,Tri Feather,Goda,Wing Horn,Granma's Fan
235,11836321,Reptile,Robin,Innocent Lamb,Scarab,Tiny Turtle,Beech,Cloud
236,11930529,Mech,Sleepless,Nimo,Sandal,Square Teeth,Babylonia,Nimo
237,11899813,Plant,Clear,Innocent Lamb,Bidens,Silence Whisper,Scaly Spoon,Ant
238,11676072,Plant,Clear,Nimo,Sponge,Catfish,Oranda,Nimo
239,11918249,Beast,Little Peas,Zen,Ronin,Confident,Imp,Shrimp
240,11719084,Dawn,Gecko,Innocent Lamb,Bone Sail,Silence Whisper,Leaf Bug,Pupae
241,11783085,Mech,Topaz,Earwing,Tri Feather,Cute Bunny,Feather Spear,Cottontail
242,11912110,Dawn,Gero,Nimo,Sandal,Piranha,Babylonia,Nimo
243,11923888,Bug,Clear,Nimo,Sponge,Tiny Turtle,Oranda,Nimo
244,11933104,Mech,Sleepless,Nimo,Anemone,Piranha,Anemone,Nimo
245,11691440,Mech,Clear,Tiny Fan,Goldfish,Piranha,Kestrel,Nimo
246,11711409,Mech,Topaz,Curly,Tri Feather,Goda,Wing Horn,Cloud
247,11910583,Mech,Sleepless,Nimo,Sandal,Square Teeth,Babylonia,Nimo
248,11652024,Bug,Clear,Nimo,Sponge,Risky Fish,Rose Bud,Nimo
249,11938746,Beast,Chubby,Pink Cheek,Cupid,Confident,Rose Bud,Cattail
250,11932092,Beast,Chubby,Pink Cheek,Scarab,Confident,Dual Blade,Cattail
251,11918270,Bug,Puppy,Zen,Ronin,Confident,Imp,Shiba
252,4341182,Aquatic,Gero,Nimo,Anemone,Toothless Bite,Anemone,Nimo
253,11907006,Dawn,Sleepless,Nimo,Sandal,Piranha,Babylonia,Nimo
254,4221890,Bird,Lucas,Peace Maker,Tri Feather,Hungry Bird,Trump,Cloud
255,11937220,Dawn,Sleepless,Nimo,Sandal,Axie Kiss,Trump,Nimo
256,11631557,Bird,Robin,Earwing,Tri Feather,Hungry Bird,Wing Horn,Granma's Fan
257,11926474,Bug,Puppy,Zen,Ronin,Confident,Imp,Shiba
258,11794379,Bird,Topaz,Pink Cheek,Tri Feather,Little Owl,Kestrel,Cloud
259,11902924,Dawn,Sleepless,Nimo,Sandal,Piranha,Babylonia,Nimo
260,11910605,Mech,Sleepless,Nimo,Sandal,Square Teeth,Babylonia,Nimo
261,11920847,Mech,Sleepless,Nimo,Sandal,Square Teeth,Babylonia,Nimo
262,11910607,Dawn,Sleepless,Nimo,Sandal,Piranha,Babylonia,Nimo
263,11936721,Aquatic,Sleepless,Nimo,Sandal,Square Teeth,Oranda,Nimo
264,11925458,Dawn,Sleepless,Nimo,Sandal,Piranha,Trump,Nimo
265,11773395,Bird,Topaz,Pink Cheek,Tri Feather,Catfish,Feather Spear,Cloud
266,11936211,Bird,Clear,Earwing,Tri Feather,Piranha,Wing Horn,Cloud
267,11714005,Bird,Topaz,Pink Cheek,Tri Feather,Little Owl,Little Branch,Cloud
268,11773396,Bird,Topaz,Pink Cheek,Tri Feather,Little Owl,Feather Spear,Cloud
269,11930583,Aquatic,Sleepless,Nimo,Sandal,Piranha,Babylonia,Nimo
270,11930072,Beast,Puppy,Nimo,Perch,Confident,Little Branch,Nimo
271,11936729,Aquatic,Sleepless,Nimo,Sandal,Square Teeth,Babylonia,Nimo
272,11935705,Bird,Lucas,Earwing,Tri Feather,Piranha,Dual Blade,Cloud
273,11908566,Bird,Kotaro?,Earwing,Tri Feather,Kotaro,Wing Horn,Granma's Fan
274,11895260,Bug,Little Peas,Zen,Hero,Confident,Imp,Shiba
275,11930068,Beast,Puppy,Nimo,Perch,Confident,Little Branch,Nimo
276,11921883,Plant,Lucas,Innocent Lamb,Hero,Silence Whisper,Rose Bud,Cattail
277,11928029,Dawn,Sleepless,Nimo,Sandal,Square Teeth,Babylonia,Nimo
278,11780576,Bird,Telescope,Innocent Lamb,Tri Feather,Doubletalk,Bumpy,Cloud
279,4534241,Plant,Papi,Beetle Spike,Pumpkin,Serious,Leaf Bug,Nimo
280,11883490,Bird,Kotaro?,Earwing,Tri Feather,Kotaro,Wing Horn,Granma's Fan
281,11945447,Aquatic,Sleepless,Nimo,Sandal,Square Teeth,Oranda,Nimo
282,11939305,Beast,Little Peas,Earwing,Cupid,Square Teeth,Arco,Gerbil
283,11945449,Aquatic,Sleepless,Nimo,Sandal,Square Teeth,Oranda,Nimo
284,11942379,Mech,Lucas,Pink Cheek,Tri Feather,Doubletalk,Wing Horn,Cloud
285,11866091,Reptile,Gecko,Nimo,Sponge,Tiny Turtle,Incisor,Nimo
286,11942891,Bird,Zeal,Pink Cheek,Tri Feather,Confident,Wing Horn,Granma's Fan
287,11690990,Dawn,Papi,Curved Spine,Indian Star,Silence Whisper,Lagging,Pupae
288,11937265,Bird,Nerdy,Earwing,Tri Feather,Confident,Wing Horn,Cloud
289,11921394,Plant,Chubby,Innocent Lamb,Cupid,Confident,Rose Bud,Cattail
290,11800562,Aquatic,Gero,Nimo,Sponge,Square Teeth,Shoal Star,Nimo
291,11778037,Mech,Topaz,Earwing,Tri Feather,Axie Kiss,Feather Spear,Cottontail
292,11683830,Plant,Papi,Innocent Lamb,Bidens,Square Teeth,Rose Bud,Cattail
293,11930615,Beast,Chubby,Earwing,Cupid,Catfish,Arco,Gerbil
294,11869178,Aquatic,Sleepless,Nimo,Sandal,Risky Fish,Anemone,Nimo
295,11932668,Plant,Chubby,Pink Cheek,Cupid,Axie Kiss,Dual Blade,Gerbil
296,11931645,Aquatic,Sleepless,Nimo,Sandal,Piranha,Oranda,Nimo
297,11896830,Mech,Tricky,Innocent Lamb,Indian Star,Silence Whisper,Rose Bud,Twin Tail
0,11800580,Plant,Clear,Nimo,Sponge,Piranha,Oranda,Nimo
1,11923463,Aquatic,Gero,Nimo,Sponge,Square Teeth,Shoal Star,Nimo
2,11735051,Bird,Kotaro?,Earwing,Tri Feather,Kotaro,Wing Horn,Granma's Fan
3,9644046,Dusk,Clear,Tassels,Bone Sail,Cute Bunny,Bumpy,Nimo
4,11933722,Aquatic,Sleepless,Nimo,Sandal,Square Teeth,Trump,Nimo
5,11661350,Dawn,Tricky,Innocent Lamb,Indian Star,Pincer,Rose Bud,Pupae
6,11915304,Mech,Kotaro?,Earwing,Tri Feather,Kotaro,Wing Horn,Granma's Fan
7,11939884,Bird,Gecko,Earwing,Tri Feather,Kotaro,Wing Horn,Cloud
8,11933745,Dawn,Sleepless,Nimo,Sandal,Risky Fish,Oranda,Nimo
9,11886644,Bird,Nerdy,Earwing,Tri Feather,Confident,Feather Spear,The Last One
10,11708472,Beast,Robin,Earwing,Tri Feather,Confident,Wing Horn,Granma's Fan
11,11933752,Dawn,Sleepless,Nimo,Sandal,Piranha,Oranda,Nimo
12,11915327,Mech,Sleepless,Nimo,Sandal,Piranha,Babylonia,Nimo
13,11925568,Mech,Sleepless,Seaslug,Anemone,Lam,Anemone,Nimo
14,11890767,Reptile,Gecko,Nimo,Goldfish,Square Teeth,Oranda,Nimo
15,11771988,Dawn,Little Peas,Innocent Lamb,Tri Feather,Confident,Wing Horn,Cottontail
16,11913300,Bug,Puppy,Zen,Ronin,Confident,Imp,Shiba
17,11722836,Mech,Little Peas,Innocent Lamb,Tri Feather,Hungry Bird,Wing Horn,Cottontail
18,11927655,Aquatic,Sleepless,Nimo,Sandal,Square Teeth,Babylonia,Nimo
19,11921517,Mech,Sleepless,Nimo,Anemone,Piranha,Anemone,Nimo
20,11925613,Dawn,Sleepless,Nimo,Anemone,Piranha,Anemone,Nimo
21,11939953,Beast,Puppy,Zen,Ronin,Confident,Oranda,Shiba
22,11933811,Aquatic,Clear,Nimo,Sponge,Square Teeth,Oranda,Nimo
23,11718779,Plant,Clear,Nimo,Sponge,Zigzag,Anemone,Nimo
24,11718784,Plant,Clear,Nimo,Sponge,Piranha,Oranda,Nimo
25,11927700,Mech,Lucas,Innocent Lamb,Tri Feather,Kotaro,Wing Horn,Cottontail
26,11942053,Mech,Sleepless,Nimo,Sandal,Square Teeth,Babylonia,Nimo
27,11925710,Plant,Cucumber Slice,Innocent Lamb,Bidens,Silence Whisper,Rose Bud,Cattail
28,11903201,Dawn,Sleepless,Nimo,Sandal,Piranha,Babylonia,Nimo
29,11940076,Mech,Sleepless,Nimo,Anemone,Piranha,Anemone,Nimo
30,11940081,Mech,Sleepless,Nimo,Anemone,Piranha,Anemone,Nimo
31,11927799,Bird,Robin,Beetle Spike,Tri Feather,Kotaro,Wing Horn,Granma's Fan
32,11892984,Dawn,Sleepless,Nimo,Sandal,Piranha,Babylonia,Nimo
33,11245817,Plant,Zeal,Larva,Timber,Catfish,Rose Bud,Cattail
34,11784458,Plant,Gecko,Small Frill,Green Thorns,Tiny Turtle,Dual Blade,Yam
35,11677962,Bird,Kotaro?,Earwing,Tri Feather,Kotaro,Wing Horn,Granma's Fan
36,11933967,Beast,Chubby,Earwing,Cupid,Catfish,Arco,Gerbil
37,11692303,Bird,Kotaro?,Earwing,Tri Feather,Kotaro,Wing Horn,Granma's Fan
38,11880721,Mech,Chubby,Pink Cheek,Jaguar,Axie Kiss,Dual Blade,Cottontail
39,11680019,Dawn,Little Peas,Innocent Lamb,Tri Feather,Confident,Wing Horn,Cottontail
40,10877218,Aquatic,Sleepless,Nimo,Sponge,Lam,Babylonia,Nimo
41,11696418,Dawn,Little Peas,Innocent Lamb,Tri Feather,Confident,Wing Horn,Cottontail
42,11936037,Reptile,Gecko,Pink Cheek,Green Thorns,Axie Kiss,Scaly Spoon,Gerbil
43,11938091,Aquatic,Sleepless,Nimo,Sandal,Square Teeth,Babylonia,Nimo
44,11909421,Reptile,Gecko,Sidebarb,Tri Spikes,Kotaro,Scaly Spear,Gila
45,11675956,Bug,Clear,Pogona,Buzz Buzz,Lam,Pliers,Wall Gecko
46,11931956,Beast,Chubby,Earwing,Cupid,Axie Kiss,Arco,Ranchu
47,11927860,Mech,Sleepless,Nimo,Sandal,Square Teeth,Babylonia,Nimo
48,11682107,Mech,Telescope,Tassels,Indian Star,Silence Whisper,Scaly Spoon,Ant
49,11936063,Reptile,Gecko,Nimo,Sponge,Catfish,Cactus,Nimo
50,11903317,Aquatic,Sleepless,Nimo,Sandal,Square Teeth,Babylonia,Nimo
51,11925847,Aquatic,Sleepless,Nimo,Sandal,Square Teeth,Trump,Nimo
52,11544925,Beast,Little Peas,Innocent Lamb,Ronin,Confident,Imp,Shiba
53,11862373,Plant,Tricky,Tassels,Indian Star,Pincer,Leaf Bug,Nimo
54,11911549,Beast,Chubby,Earwing,Cupid,Confident,Dual Blade,Ranchu
55,11903382,Mech,Sleepless,Nimo,Sandal,Square Teeth,Babylonia,Nimo
56,11901345,Plant,Lucas,Innocent Lamb,Balloon,Silence Whisper,Scaly Spoon,Ant
57,11682210,Plant,Kotaro?,Earwing,Tri Feather,Kotaro,Wing Horn,Granma's Fan
58,11911588,Beast,Chubby,Earwing,Buzz Buzz,Confident,Arco,Granma's Fan
59,596389,Aquatic,Gero,Nimo,Anemone,Piranha,Oranda,Nimo
60,11915713,Aquatic,Gero,Nimo,Sponge,Square Teeth,Shoal Star,Nimo
61,11921861,Mech,Sleepless,Nimo,Sandal,Piranha,Babylonia,Nimo
62,11884999,Plant,Clear,Nimo,Sponge,Risky Fish,Oranda,Nimo
63,11932104,Beast,Chubby,Early Bird,Hero,Confident,Dual Blade,Cattail
64,11590089,Aquatic,Robin,Seaslug,Tri Feather,Little Owl,Kestrel,Granma's Fan
65,4526553,Reptile,Gecko,Pogona,Snail Shell,Tiny Turtle,Scaly Spoon,Nimo
66,11930085,Dawn,Sleepless,Nimo,Anemone,Tiny Turtle,Anemone,Nimo
67,11942388,Dawn,Tricky,Innocent Lamb,Indian Star,Silence Whisper,Leaf Bug,Potato Leaf
68,11934205,Beast,Chubby,Earwing,Cupid,Catfish,Arco,Gerbil
69,11725314,Bug,Topaz,Innocent Lamb,Tri Feather,Confident,Wing Horn,Cottontail
70,11164181,Dusk,Clear,Tassels,Bone Sail,Zigzag,Bumpy,Nimo
71,11934241,Plant,Cucumber Slice,Innocent Lamb,Bidens,Silence Whisper,Rose Bud,Cattail
72,11928124,Aquatic,Sleepless,Nimo,Sandal,Square Teeth,Caterpillars,Nimo
73,11891261,Mech,Kotaro?,Earwing,Tri Feather,Kotaro,Wing Horn,Granma's Fan
74,11801156,Bird,Kotaro?,Earwing,Tri Feather,Kotaro,Wing Horn,Granma's Fan
75,11653701,Dusk,Clear,Nimo,Sponge,Piranha,Oranda,Nimo
76,11924036,Mech,Sleepless,Seaslug,Anemone,Lam,Anemone,Nimo
77,11627078,Bird,Robin,Earwing,Tri Feather,Kotaro,Wing Horn,Granma's Fan
78,11833931,Mech,Tricky,Innocent Lamb,Indian Star,Silence Whisper,Leaf Bug,Ant
79,11928140,Mech,Sleepless,Nimo,Sandal,Piranha,Caterpillars,Nimo
80,11733596,Dawn,Papi,Innocent Lamb,Indian Star,Silence Whisper,Scaly Spoon,Pupae
81,11934308,Mech,Sleepless,Nimo,Sandal,Square Teeth,Babylonia,Nimo
82,11936357,Dawn,Sleepless,Nimo,Anemone,Piranha,Anemone,Nimo
83,11838052,Mech,Clear,Earwing,Tri Feather,Kotaro,Wing Horn,Granma's Fan
84,11932269,Reptile,Gecko,Nimo,Sponge,Tiny Turtle,Incisor,Nimo
85,11883119,Mech,Chubby,Pink Cheek,Jaguar,Axie Kiss,Dual Blade,Cottontail
86,11934325,Aquatic,Sleepless,Nimo,Sandal,Square Teeth,Babylonia,Nimo
87,11917945,Bird,Puppy,Earwing,Tri Feather,Risky Fish,Cactus,Cloud
88,11915898,Dusk,Gero,Nimo,Anemone,Piranha,Anemone,Nimo
89,11952772,Aquatic,Sleepless,Nimo,Sandal,Piranha,Oranda,Nimo
90,11897476,Plant,Lucas,Innocent Lamb,Bidens,Confident,Bamboo Shoot,Ant
91,11934351,Mech,Sleepless,Nimo,Sandal,Square Teeth,Babylonia,Nimo
92,11690645,Bird,Kotaro?,Earwing,Tri Feather,Kotaro,Wing Horn,Granma's Fan
93,11895456,Dawn,Sleepless,Nimo,Sandal,Piranha,Babylonia,Nimo
94,11901603,Reptile,Gecko,Sidebarb,Tri Spikes,Kotaro,Scaly Spear,Cottontail
95,11887268,Mech,Chubby,Pink Cheek,Scarab,Axie Kiss,Dual Blade,Cottontail
96,8612522,Dusk,Telescope,Leaf Bug,Bone Sail,Piranha,Bumpy,Nimo
97,11844274,Reptile,Gecko,Small Frill,Green Thorns,Tiny Turtle,Dual Blade,Cattail
98,11913922,Aquatic,Kotaro?,Earwing,Tri Feather,Kotaro,Wing Horn,Cottontail
99,11938507,Mech,Kotaro?,Pink Cheek,Tri Feather,Peace Maker,Feather Spear,Feather Fan
100,11670227,Bird,Kotaro?,Earwing,Tri Feather,Confident,Wing Horn,Cottontail
101,11928277,Reptile,Gecko,Nimo,Sponge,Tiny Turtle,Incisor,Nimo
102,11924182,Bug,Zeal,Zen,Furball,Confident,Imp,Shiba
103,11707095,Mech,Robin,Earwing,Tri Feather,Kotaro,Wing Horn,Granma's Fan
104,11930332,Aquatic,Sleepless,Nimo,Anemone,Piranha,Anemone,Nimo
105,11700962,Mech,Kotaro?,Earwing,Tri Feather,Kotaro,Wing Horn,Granma's Fan
106,11940580,Mech,Sleepless,Nimo,Sandal,Square Teeth,Babylonia,Nimo
107,11940585,Dawn,Sleepless,Nimo,Sandal,Piranha,Trump,Nimo
108,5153514,Plant,Papi,Lotus,Pumpkin,Serious,Rose Bud,Cattail
109,11645673,Beast,Robin,Earwing,Tri Feather,Confident,Wing Horn,Cottontail
110,11938547,Aquatic,Sleepless,Nimo,Sandal,Square Teeth,Babylonia,Nimo
111,11911927,Bird,Kotaro?,Earwing,Tri Feather,Kotaro,Wing Horn,Ranchu
112,11905792,Plant,Clear,Nimo,Sponge,Toothless Bite,Oranda,Nimo
113,11889410,Mech,Tricky,Innocent Lamb,Indian Star,Pincer,Leaf Bug,Ant
114,11911943,Bird,Kotaro?,Earwing,Tri Feather,Kotaro,Wing Horn,Ranchu
115,11807513,Plant,Clear,Nimo,Sponge,Risky Fish,Shoal Star,Nimo
116,11897631,Reptile,Kotaro?,Earwing,Tri Feather,Kotaro,Oranda,Granma's Fan
117,11911971,Mech,Kotaro?,Earwing,Tri Feather,Kotaro,Wing Horn,Ranchu
118,11608869,Plant,Gecko,Pink Cheek,Tri Spikes,Silence Whisper,Rose Bud,Cloud
119,11932475,Mech,Gero,Nimo,Sandal,Piranha,Babylonia,Nimo
120,11928392,Reptile,Chubby,Pink Cheek,Cupid,Razor Bite,Watermelon,Ranchu
121,11748178,Bird,Kotaro?,Belieber,Tri Feather,Kotaro,Wing Horn,Granma's Fan
122,11920217,Bird,Kotaro?,Sakura,Tri Feather,Kotaro,Wing Horn,Granma's Fan
123,11748185,Bird,Kotaro?,Earwing,Tri Feather,Kotaro,Wing Horn,Yam
124,11668326,Dusk,Clear,Nimo,Sponge,Herbivore,Shoal Star,Nimo
125,11912038,Beast,Chubby,Earwing,Cupid,Hungry Bird,Arco,Granma's Fan
126,11897709,Beast,Little Peas,Zen,Ronin,Confident,Imp,Shiba
127,11520880,Bug,Gecko,Leaf Bug,Timber,Mosquito,Bumpy,Nimo
128,11940724,Dawn,Sleepless,Nimo,Sandal,Axie Kiss,Babylonia,Nimo
129,11948919,Bug,Tricky,Innocent Lamb,Indian Star,Silence Whisper,Rose Bud,Potato Leaf
130,11910009,Bird,Kotaro?,Earwing,Tri Feather,Kotaro,Wing Horn,Granma's Fan
131,11918203,Mech,Chubby,Pink Cheek,Scarab,Confident,Dual Blade,Cottontail
132,11658109,Bird,Kotaro?,Earwing,Tri Feather,Confident,Wing Horn,Granma's Fan
133,11953021,Mech,Sleepless,Nimo,Sandal,Square Teeth,Babylonia,Nimo
134,11905923,Aquatic,Clear,Nimo,Sponge,Square Teeth,Oranda,Nimo
135,11922312,Beast,Chubby,Earwing,Buzz Buzz,Confident,Arco,Gerbil
136,11944863,Aquatic,Sleepless,Nimo,Sandal,Piranha,Babylonia,Nimo
137,11903913,Mech,Clear,Innocent Lamb,Tri Feather,Little Owl,Wing Horn,Cloud
138,11932587,Mech,Kotaro?,Earwing,Tri Feather,Kotaro,Wing Horn,Granma's Fan
139,11879352,Mech,Clear,Nimo,Sponge,Lam,Shoal Star,Nimo
140,11936710,Mech,Sleepless,Nimo,Sandal,Square Teeth,Oranda,Nimo
141,11926471,Bug,Puppy,Zen,Ronin,Confident,Imp,Shiba
142,11895756,Aquatic,Sleepless,Nimo,Sandal,Square Teeth,Babylonia,Nimo
143,11852749,Reptile,Chubby,Small Frill,Green Thorns,Tiny Turtle,Dual Blade,Potato Leaf
144,11944931,Dawn,Sleepless,Nimo,Sandal,Piranha,Trump,Nimo
145,11897840,Aquatic,Sleepless,Nimo,Sandal,Square Teeth,Babylonia,Nimo
146,11936753,Aquatic,Sleepless,Nimo,Sandal,Piranha,Oranda,Nimo
147,11928565,Mech,Sleepless,Nimo,Sandal,Cute Bunny,Babylonia,Nimo
148,11867131,Mech,Tricky,Innocent Lamb,Indian Star,Silence Whisper,Rose Bud,Twin Tail
149,9022464,Aquatic,Gero,Nimo,Sandal,Lam,Anemone,Nimo
150,11930632,Plant,Cucumber Slice,Innocent Lamb,Bidens,Silence Whisper,Rose Bud,Cattail
151,11934734,Beast,Puppy,Zen,Ronin,Confident,Imp,Tiny Dino
152,11934743,Dawn,Sleepless,Nimo,Sandal,Piranha,Trump,Nimo
153,11914278,Aquatic,Sleepless,Nimo,Anemone,Piranha,Anemone,Nimo
154,11934759,Dawn,Sleepless,Nimo,Sandal,Piranha,Trump,Nimo
155,11693127,Dusk,Clear,Nimo,Sponge,Piranha,Oranda,Nimo
156,11895882,Mech,Chubby,Pink Cheek,Scarab,Axie Kiss,Dual Blade,Gerbil
157,11674700,Dawn,Papi,Innocent Lamb,Indian Star,Silence Whisper,Scaly Spoon,Pupae
158,11897935,Mech,Sleepless,Nimo,Sandal,Piranha,Babylonia,Nimo
159,11684950,Bird,Kotaro?,Sidebarb,Tri Feather,Kotaro,Trump,Granma's Fan
160,11924568,Beast,Chubby,Earwing,Buzz Buzz,Axie Kiss,Arco,Gerbil
161,11920472,Beast,Little Peas,Zen,Ronin,Confident,Imp,Shiba
162,11930726,Beast,Chubby,Seaslug,Cupid,Square Teeth,Arco,Gerbil
163,11914355,Mech,Sleepless,Nimo,Sandal,Piranha,Babylonia,Nimo
164,11938933,Mech,Kotaro?,Earwing,Tri Feather,Kotaro,Wing Horn,Cottontail
165,11740279,Dawn,Gero,Innocent Lamb,Tri Feather,Confident,Wing Horn,Cottontail
166,11924612,Dusk,Papi,Tassels,Indian Star,Silence Whisper,Scaly Spoon,Ant
167,11934865,Plant,Cucumber Slice,Innocent Lamb,Bidens,Silence Whisper,Rose Bud,Cattail
168,11795603,Reptile,Gecko,Small Frill,Green Thorns,Silence Whisper,Dual Blade,Cottontail
169,11906202,Aquatic,Sleepless,Nimo,Anemone,Piranha,Anemone,Nimo
170,11932826,Dawn,Sleepless,Nimo,Sandal,Piranha,Babylonia,Nimo
171,11945118,Dawn,Sleepless,Nimo,Sandal,Piranha,Trump,Nimo
172,11738281,Mech,Kotaro?,Tiny Fan,Tri Feather,Peace Maker,Wing Horn,Granma's Fan
173,11744431,Bird,Kotaro?,Earwing,Tri Feather,Kotaro,Wing Horn,Granma's Fan
174,11928755,Dawn,Sleepless,Nimo,Sandal,Piranha,Babylonia,Nimo
175,11945141,Mech,Sleepless,Nimo,Sandal,Square Teeth,Babylonia,Nimo
176,11920567,Dawn,Sleepless,Nimo,Sandal,Piranha,Babylonia,Nimo
177,11932866,Dawn,Sleepless,Nimo,Sandal,Piranha,Babylonia,Nimo
178,11562183,Beast,Chubby,Innocent Lamb,Hero,Confident,Arco,Cottontail
179,11893972,Reptile,Gecko,Sidebarb,Tri Spikes,Kotaro,Scaly Spear,Grass Snake
180,11859159,Reptile,Gecko,Nimo,Sponge,Hungry Bird,Cactus,Nimo
181,11910364,Mech,Sleepless,Nimo,Anemone,Serious,Anemone,Nimo
182,11932906,Dawn,Sleepless,Nimo,Sandal,Piranha,Babylonia,Nimo
183,11730159,Mech,Kotaro?,Earwing,Tri Feather,Kotaro,Wing Horn,Granma's Fan
184,11904248,Aquatic,Sleepless,Nimo,Sandal,Square Teeth,Babylonia,Nimo
185,11832568,Aquatic,Clear,Nimo,Sponge,Square Teeth,Oranda,Nimo
186,11939064,Mech,Little Peas,Zen,Ronin,Confident,Imp,Shiba
187,11904267,Aquatic,Sleepless,Nimo,Sandal,Piranha,Babylonia,Nimo
188,11881739,Reptile,Gecko,Nimo,Sponge,Tiny Turtle,Incisor,Nimo
189,11808015,Reptile,Chubby,Small Frill,Green Thorns,Razor Bite,Dual Blade,Cottontail
190,11738395,Bird,Kotaro?,Earwing,Tri Feather,Kotaro,Wing Horn,Granma's Fan
191,11887905,Beast,Chubby,Earwing,Tri Feather,Confident,Arco,Ranchu
192,11910434,Beast,Little Peas,Zen,Ronin,Confident,Imp,Shrimp
193,11935013,Aquatic,Gero,Nimo,Sponge,Square Teeth,Shoal Star,Nimo
194,11928882,Aquatic,Sleepless,Seaslug,Sandal,Piranha,Babylonia,Nimo
195,11892029,Aquatic,Sleepless,Nimo,Sandal,Square Teeth,Babylonia,Nimo
196,11926857,Mech,Confused,Nimo,Sandal,Square Teeth,Babylonia,Nimo
197,11928927,Dawn,Sleepless,Nimo,Sandal,Piranha,Babylonia,Nimo
198,11939173,Bird,Kotaro?,Earwing,Tri Feather,Kotaro,Wing Horn,Cottontail
199,753006,Reptile,Gecko,Pogona,Tri Spikes,Tiny Turtle,Scaly Spoon,Wall Gecko
200,11935100,Mech,Puppy,Zen,Ronin,Confident,Imp,Shiba
201,11787645,Bug,Topaz,Innocent Lamb,Timber,Square Teeth,Bumpy,Cloud
202,11888011,Dawn,Gero,Nimo,Sandal,Piranha,Babylonia,Nimo
203,11654540,Dusk,Bookworm,Nimo,Mint,Square Teeth,Bumpy,Nimo
204,4328864,Bird,Nerdy,Early Bird,Cupid,Hungry Bird,Wing Horn,Cloud
205,7495083,Dusk,Tricky,Innocent Lamb,Snail Shell,Tiny Turtle,Incisor,Cloud
206,11920815,Reptile,Gecko,Nimo,Sponge,Tiny Turtle,Incisor,Nimo
207,11898291,Aquatic,Clear,Nimo,Sponge,Square Teeth,Anemone,Nimo
208,11644340,Dawn,Telescope,Nimo,Sponge,Piranha,Oranda,Nimo
209,11896253,Aquatic,Sleepless,Nimo,Sandal,Square Teeth,Babylonia,Nimo
210,11920829,Reptile,Gecko,Nimo,Sponge,Tiny Turtle,Incisor,Nimo
211,11920833,Reptile,Gecko,Nimo,Sponge,Tiny Turtle,Incisor,Nimo
212,11920852,Aquatic,Sleepless,Nimo,Sandal,Square Teeth,Babylonia,Nimo
213,11918804,Mech,Sleepless,Nimo,Sandal,Piranha,Babylonia,Nimo
214,11890132,Reptile,Chubby,Small Frill,Green Thorns,Razor Bite,Dual Blade,Iguana
215,11795946,Reptile,Chubby,Small Frill,Green Thorns,Tiny Turtle,Dual Blade,Iguana
216,11902447,Reptile,Gecko,Nimo,Sponge,Tiny Turtle,Incisor,Nimo
217,11701746,Aquatic,Gero,Nimo,Sponge,Square Teeth,Shoal Star,Nimo
218,11453954,Aquatic,Flower Sunglasses,Curly,Red Ear,Razor Bite,Feather Spear,Cotton Candy
219,11929090,Dawn,Sleepless,Nimo,Sandal,Piranha,Babylonia,Nimo
220,11931155,Plant,Cucumber Slice,Innocent Lamb,Bidens,Silence Whisper,Rose Bud,Cattail
221,11920925,Bug,Clear,Nimo,Sponge,Square Teeth,Oranda,Nimo
222,11904543,Aquatic,Kotaro?,Earwing,Tri Feather,Kotaro,Wing Horn,Ranchu
223,1181217,Plant,Chubby,Hollow,Scarab,Axie Kiss,Dual Blade,Hare
224,11918879,Mech,Sleepless,Nimo,Sandal,Piranha,Babylonia,Nimo
225,11892255,Beast,Chubby,Gill,Cupid,Nut Cracker,Arco,Gerbil
226,11918888,Mech,Sleepless,Nimo,Sandal,Piranha,Babylonia,Nimo
227,11918894,Dawn,Sleepless,Nimo,Sandal,Piranha,Babylonia,Nimo
228,11931186,Aquatic,Sleepless,Nimo,Sponge,Square Teeth,Shoal Star,Nimo
229,11916853,Plant,Chubby,Innocent Lamb,Bidens,Serious,Scaly Spoon,Pupae
230,11902523,Reptile,Gecko,Nimo,Sponge,Tiny Turtle,Cactus,Nimo
231,11648596,Plant,Clear,Nimo,Sponge,Risky Fish,Shoal Star,Nimo
232,11939413,Bird,Kotaro?,Earwing,Tri Feather,Kotaro,Wing Horn,Cottontail
233,11918933,Reptile,Gero,Nimo,Sponge,Tiny Turtle,Cactus,Nimo
234,11933280,Dawn,Sleepless,Nimo,Sandal,Piranha,Babylonia,Nimo
235,11933284,Aquatic,Sleepless,Nimo,Sandal,Square Teeth,Babylonia,Nimo
236,11773541,Mech,Kotaro?,Earwing,Tri Feather,Kotaro,Wing Horn,Granma's Fan
237,11773542,Mech,Kotaro?,Earwing,Tri Feather,Kotaro,Wing Horn,Granma's Fan
238,11947627,Dawn,Sleepless,Seaslug,Sandal,Piranha,Trump,Nimo
239,11931251,Mech,Puppy,Pogona,Ronin,Confident,Imp,Shiba
240,11935349,Plant,Cucumber Slice,Innocent Lamb,Bidens,Silence Whisper,Rose Bud,Cattail
241,11910780,Mech,Sleepless,Nimo,Sandal,Piranha,Trump,Nimo
242,11642497,Dawn,Blossom,Nimo,Hermit,Kotaro,Cactus,Nimo
243,11613836,Bird,Robin,Earwing,Tri Feather,Peace Maker,Parasite,Granma's Fan
244,11931282,Bug,Puppy,Zen,Ronin,Confident,Imp,Shiba
245,11910809,Mech,Sleepless,Nimo,Sandal,Piranha,Babylonia,Nimo
246,11931297,Mech,Puppy,Zen,Ronin,Confident,Imp,Shiba
247,11902633,Beast,Little Peas,Zen,Ronin,Confident,Imp,Shrimp
248,11865770,Aquatic,Clear,Nimo,Sponge,Square Teeth,Babylonia,Nimo
249,11935403,Beast,Chubby,Earwing,Cupid,Axie Kiss,Arco,Gerbil
250,11945649,Beast,Little Peas,Zen,Ronin,Confident,Imp,Shrimp
251,11933370,Reptile,Gecko,Nimo,Sponge,Toothless Bite,Cactus,Nimo
252,11945661,Mech,Puppy,Zen,Ronin,Confident,Imp,Shiba
253,9148102,Plant,Confused,Clover,Bidens,Zigzag,Oranda,Cloud
254,11894471,Beast,Chubby,Earwing,Buzz Buzz,Nut Cracker,Arco,Gerbil
255,11871945,Mech,Topaz,Tiny Fan,Garish Worm,Square Teeth,Clamshell,Nimo
256,11890379,Bird,Lucas,Earwing,Tri Feather,Kotaro,Wing Horn,Cottontail
257,11941584,Aquatic,Clear,Nimo,Sandal,Square Teeth,Oranda,Nimo
258,11890390,Beast,Chubby,Earwing,Tri Feather,Razor Bite,Arco,Gerbil
259,11714269,Dawn,Kotaro?,Earwing,Tri Feather,Kotaro,Wing Horn,Granma's Fan
260,11925220,Mech,Chubby,Pink Cheek,Scarab,Axie Kiss,Arco,Cottontail
261,11716327,Mech,Kotaro?,Earwing,Tri Feather,Kotaro,Wing Horn,Cottontail
262,11882221,Dawn,Sleepless,Nimo,Sandal,Piranha,Babylonia,Nimo
263,11931379,Dawn,Sleepless,Nimo,Sandal,Piranha,Babylonia,Nimo
264,11489014,Reptile,Gecko,Small Frill,Green Thorns,Doubletalk,Scaly Spoon,Cloud
265,11931384,Dawn,Sleepless,Nimo,Sandal,Piranha,Babylonia,Nimo
266,11622144,Bird,Robin,Earwing,Tri Feather,Peace Maker,Wing Horn,Granma's Fan
267,11923205,Mech,Sleepless,Seaslug,Sandal,Piranha,Anemone,Nimo
268,11845385,Mech,Chubby,Pink Cheek,Scarab,Goda,Dual Blade,Cottontail
269,11931409,Aquatic,Sleepless,Pink Cheek,Sandal,Square Teeth,Babylonia,Nimo
270,11792163,Mech,Tricky,Innocent Lamb,Indian Star,Silence Whisper,Leaf Bug,Ant
271,11927357,Bird,Kotaro?,Innocent Lamb,Tri Feather,Kotaro,Wing Horn,Cottontail
272,11925309,Mech,Sleepless,Nimo,Sandal,Square Teeth,Babylonia,Nimo
273,11906885,Aquatic,Clear,Nimo,Sponge,Square Teeth,Oranda,Nimo
274,11534150,Aquatic,Nerdy,Earwing,Tri Feather,Square Teeth,Clamshell,Ant
275,11908947,Mech,Sleepless,Nimo,Sandal,Piranha,Babylonia,Nimo
276,11745115,Bird,Kotaro?,Earwing,Tri Feather,Kotaro,Wing Horn,Granma's Fan
277,11939679,Aquatic,Sleepless,Nimo,Anemone,Toothless Bite,Oranda,Nimo
278,11716454,Bird,Little Owl,Owl,Tri Feather,Little Owl,Trump,Feather Fan
279,11923305,Bird,Kotaro?,Earwing,Tri Feather,Kotaro,Wing Horn,Granma's Fan
280,11698052,Mech,Kotaro?,Earwing,Tri Feather,Axie Kiss,Wing Horn,Granma's Fan
281,11931525,Aquatic,Gero,Nimo,Sponge,Square Teeth,Incisor,Nimo
282,11925383,Dawn,Sleepless,Nimo,Sandal,Square Teeth,Trump,Nimo
283,11927447,Beast,Chubby,Earwing,Cupid,Hungry Bird,Arco,Ranchu
284,11907008,Dawn,Sleepless,Nimo,Sandal,Piranha,Babylonia,Nimo
285,11907013,Aquatic,Sleepless,Nimo,Sandal,Square Teeth,Babylonia,Nimo
286,11947981,Aquatic,Sleepless,Nimo,Sandal,Square Teeth,Babylonia,Nimo
287,11888596,Mech,Gecko,Zen,Ronin,Confident,Imp,Shiba
288,11943901,Aquatic,Sleepless,Seaslug,Anemone,Lam,Anemone,Nimo
289,11624432,Dawn,Chubby,Nyan,Scarab,Axie Kiss,Dual Blade,Cottontail
290,11628531,Dawn,Robin,Earwing,Tri Feather,Catfish,Wing Horn,Granma's Fan
291,11800569,Plant,Clear,Nimo,Sponge,Square Teeth,Oranda,Nimo
0,11945450,Aquatic,Sleepless,Nimo,Sandal,Square Teeth,Babylonia,Nimo
1,11945456,Mech,Sleepless,Nimo,Sandal,Piranha,Babylonia,Nimo
2,11947723,Dawn,Sleepless,Nimo,Sandal,Piranha,Babylonia,Nimo
0,11896985,Aquatic,Sleepless,Nimo,Anemone,Lam,Anemone,Nimo
1,11913417,Bug,Clear,Nimo,Sponge,Square Teeth,Oranda,Nimo
2,11639083,Dawn,Telescope,Nimo,Sponge,Piranha,Oranda,Nimo
3,11862335,Reptile,Gecko,Innocent Lamb,Snail Shell,Silence Whisper,Lagging,Twin Tail
4,11872634,Reptile,Gecko,Nimo,Sponge,Tiny Turtle,Cactus,Nimo
5,11936278,Dawn,Sleepless,Nimo,Sandal,Square Teeth,Babylonia,Nimo
6,11936291,Mech,Sleepless,Hollow,Sandal,Square Teeth,Babylonia,Nimo
7,11557433,Dusk,Papi,Pogona,Snail Shell,Tiny Turtle,Lagging,Hatsune
8,11914049,Mech,Sleepless,Nimo,Sandal,Axie Kiss,Babylonia,Nimo
9,11950937,Dawn,Sleepless,Nimo,Sandal,Piranha,Trump,Nimo
10,11936640,Reptile,Kotaro?,Earwing,Cupid,Kotaro,Wing Horn,Ranchu
11,11930533,Mech,Sleepless,Nimo,Sandal,Square Teeth,Babylonia,Nimo
12,11928652,Mech,Nerdy,Nimo,Sandal,Piranha,Babylonia,Nimo
13,11945037,Reptile,Gecko,Nimo,Sponge,Catfish,Cactus,Nimo
14,11932768,Aquatic,Sleepless,Nimo,Sandal,Square Teeth,Babylonia,Nimo
15,11693322,Aquatic,Clear,Nimo,Sponge,Square Teeth,Shoal Star,Nimo
16,11939115,Beast,Lucas,Earwing,Cupid,Nut Cracker,Arco,Gerbil
17,11943248,Mech,Sleepless,Nimo,Sandal,Square Teeth,Babylonia,Nimo
18,11744599,Dawn,Tricky,Innocent Lamb,Snail Shell,Silence Whisper,Lagging,Potato Leaf
19,11908466,Aquatic,Sleepless,Nimo,Sandal,Square Teeth,Babylonia,Nimo
20,11685296,Aquatic,Gero,Nimo,Sponge,Square Teeth,Shoal Star,Nimo
21,11685305,Aquatic,Gero,Nimo,Sponge,Square Teeth,Shoal Star,Nimo
22,11920834,Reptile,Gecko,Nimo,Sponge,Tiny Turtle,Incisor,Nimo
23,11904483,Aquatic,Sleepless,Nimo,Sponge,Square Teeth,Shoal Star,Nimo
24,11941363,Aquatic,Gero,Nimo,Sandal,Square Teeth,Babylonia,Nimo
25,11920916,Bug,Clear,Nimo,Sponge,Square Teeth,Oranda,Nimo
26,11898499,Plant,Clear,Nimo,Sponge,Piranha,Oranda,Nimo
27,11910793,Dawn,Gero,Nimo,Sandal,Toothless Bite,Babylonia,Nimo
28,11910798,Dawn,Sleepless,Nimo,Sandal,Piranha,Babylonia,Nimo
29,5281568,Reptile,Gero,Nimo,Anemone,Lam,Anemone,Nimo
30,11898672,Aquatic,Sleepless,Nimo,Anemone,Toothless Bite,Anemone,Nimo
31,11866090,Reptile,Gecko,Nimo,Sponge,Tiny Turtle,Incisor,Nimo
0,11923469,Aquatic,Gero,Nimo,Sponge,Square Teeth,Shoal Star,Nimo
1,11915324,Aquatic,Sleepless,Nimo,Sandal,Square Teeth,Babylonia,Nimo
2,11909223,Plant,Clear,Nimo,Sponge,Risky Fish,Oranda,Nimo
3,11700514,Aquatic,Telescope,Nimo,Sponge,Square Teeth,Oranda,Nimo
4,11700516,Bug,Telescope,Nimo,Sponge,Piranha,Oranda,Nimo
5,11641140,Beast,Zeal,Belieber,Perch,Confident,Little Branch,Cottontail
6,11942309,Reptile,Gecko,Pogona,Tri Spikes,Mosquito,Scaly Spear,Gila
7,11936337,Reptile,Gecko,Nimo,Sponge,Cute Bunny,Cactus,Nimo
8,11932267,Reptile,Gecko,Nimo,Sponge,Tiny Turtle,Incisor,Nimo
9,11928285,Reptile,Gecko,Nimo,Sponge,Tiny Turtle,Incisor,Nimo
10,11895561,Dawn,Sleepless,Nimo,Sandal,Piranha,Babylonia,Nimo
11,11934553,Plant,Clear,Nimo,Sponge,Square Teeth,Oranda,Nimo
12,11905898,Aquatic,Clear,Nimo,Sponge,Square Teeth,Shoal Star,Nimo
13,11856940,Plant,Clear,Nimo,Sponge,Square Teeth,Cuckoo,Cattail
14,11936825,Bird,Topaz,Earwing,Tri Feather,Kotaro,Wing Horn,Cloud
15,11668551,Beast,Little Peas,Innocent Lamb,Perch,Confident,Little Branch,Cottontail
16,11906171,Aquatic,Nerdy,Nimo,Sponge,Tiny Turtle,Oranda,Nimo
17,11932818,Dawn,Cucumber Slice,Nimo,Sandal,Piranha,Trump,Nimo
18,11934894,Mech,Sleepless,Nimo,Sandal,Piranha,Babylonia,Nimo
19,11685039,Bug,Clear,Nimo,Sponge,Square Teeth,Cuckoo,Nimo
20,11709855,Bird,Little Owl,Owl,Tri Feather,Little Owl,Feather Spear,Cloud
21,11914666,Beast,Chubby,Earwing,Buzz Buzz,Tiny Turtle,Arco,Gerbil
22,11914721,Reptile,Chubby,Pink Cheek,Cupid,Razor Bite,Parasite,Ranchu
23,11705901,Plant,Gero,Nimo,Sponge,Square Teeth,Pliers,Cattail
24,11945585,Aquatic,Sleepless,Nimo,Sandal,Square Teeth,Oranda,Nimo
25,11910771,Mech,Sleepless,Nimo,Sandal,Piranha,Babylonia,Nimo
26,11910778,Dawn,Gero,Nimo,Sandal,Piranha,Babylonia,Nimo
27,11937435,Mech,Sleepless,Nimo,Sandal,Square Teeth,Babylonia,Nimo
28,11906764,Plant,Lucas,Innocent Lamb,Bidens,Confident,Bamboo Shoot,Ant
29,11925231,Plant,Chubby,Pink Cheek,Cupid,Nut Cracker,Dual Blade,Cottontail
30,11720522,Mech,Kotaro?,Earwing,Tri Feather,Peace Maker,Wing Horn,Granma's Fan
31,11820887,Aquatic,Neo,Innocent Lamb,Sponge,Square Teeth,Cactus,Nimo
32,11931515,Aquatic,Sleepless,Nimo,Sponge,Square Teeth,Shoal Star,Nimo
33,11691928,Beast,Little Peas,Innocent Lamb,Perch,Confident,Little Branch,Cottontail
34,11935670,Bird,Kotaro?,Earwing,Tri Feather,Piranha,Wing Horn,Cloud
35,11931644,Aquatic,Sleepless,Nimo,Sandal,Square Teeth,Babylonia,Nimo
0,10033238,Aquatic,Sleepless,Nimo,Anemone,Lam,Anemone,Nimo
1,11819101,Dawn,Tricky,Tassels,Mint,Kotaro,Leaf Bug,Ant
2,11811078,Mech,Clear,Nimo,Sponge,Risky Fish,Shoal Star,Nimo
3,11931924,Beast,Chubby,Earwing,Cupid,Axie Kiss,Dual Blade,Gerbil
4,11903448,Reptile,Gecko,Nimo,Sponge,Tiny Turtle,Cactus,Nimo
5,11823579,Dawn,Tricky,Nimo,Pumpkin,Silence Whisper,Lagging,Nimo
6,11944479,Dusk,Telescope,Leaf Bug,Bone Sail,Cute Bunny,Bumpy,Nimo
7,11864671,Reptile,Gecko,Nimo,Sponge,Square Teeth,Oranda,Nimo
8,11876965,Mech,Tricky,Innocent Lamb,Indian Star,Silence Whisper,Rose Bud,Snake Jar
9,11936417,Dawn,Sleepless,Pogona,Anemone,Piranha,Anemone,Nimo
10,11920132,Mech,Kotaro?,Earwing,Tri Feather,Kotaro,Wing Horn,Granma's Fan
11,9335581,Reptile,Clear,Nimo,Bone Sail,Zigzag,Bumpy,Nimo
12,2872,Beast,Little Peas,Tiny Fan,Hasagi,Zigzag,Merry,Ant
13,11938629,Aquatic,Sleepless,Nimo,Sandal,Square Teeth,Babylonia,Nimo
14,11942845,Mech,Sleepless,Seaslug,Anemone,Piranha,Anemone,Nimo
15,11940939,Aquatic,Sleepless,Nimo,Sandal,Square Teeth,Oranda,Nimo
16,11830425,Bug,Gecko,Innocent Lamb,Timber,Silence Whisper,Teal Shell,Nimo
17,11926735,Beast,Little Peas,Zen,Ronin,Confident,Imp,Shrimp
18,11668788,Bug,Clear,Nimo,Sponge,Risky Fish,Oranda,Nimo
19,11883917,Aquatic,Gero,Nimo,Sponge,Square Teeth,Shoal Star,Nimo
20,11941354,Mech,Sleepless,Nimo,Sandal,Square Teeth,Babylonia,Nimo
21,11920889,Aquatic,Clear,Nimo,Sponge,Square Teeth,Oranda,Nimo
22,11937416,Mech,Sleepless,Nimo,Sandal,Square Teeth,Babylonia,Nimo
23,11933324,Mech,Chubby,Pink Cheek,Scarab,Axie Kiss,Dual Blade,Cottontail
24,138907,Dusk,Confused,Hollow,Indian Star,Catfish,Caterpillars,Fir Trunk
25,11933389,Aquatic,Sleepless,Nimo,Anemone,Tiny Turtle,Anemone,Nimo
26,11937486,Bird,Sleepless,Nimo,Sandal,Piranha,Anemone,Nimo
27,11947769,Dawn,Sleepless,Nimo,Sandal,Piranha,Trump,Nimo
28,11939591,Dawn,Sleepless,Nimo,Sandal,Piranha,Babylonia,Nimo
29,11939633,Mech,Sleepless,Seaslug,Anemone,Piranha,Anemone,Nimo
0,7,,,,,,,
1,11923482,Aquatic,Gero,Nimo,Sponge,Square Teeth,Shoal Star,Nimo
2,10514467,Mech,Clear,Peace Maker,Hero,Herbivore,Arco,Cattail
3,11939911,Mech,Robin,Earwing,Tri Feather,Kotaro,Wing Horn,Cloud
4,11884674,Aquatic,Clear,Nimo,Sponge,Square Teeth,Oranda,Nimo
5,11933829,Mech,Chubby,Pink Cheek,Scarab,Axie Kiss,Dual Blade,Cottontail
6,11925656,Bird,Robin,Earwing,Tri Feather,Kotaro,Wing Horn,Granma's Fan
7,11915429,Aquatic,Topaz,Nimo,Garish Worm,Square Teeth,Bumpy,Nimo
8,11913473,Reptile,Scar,Small Frill,Green Thorns,Tiny Turtle,Scaly Spoon,Gila
9,11923715,Plant,Cucumber Slice,Innocent Lamb,Bidens,Silence Whisper,Rose Bud,Cattail
10,11886918,Aquatic,Little Owl,Owl,Tri Feather,Little Owl,Trump,Feather Fan
11,11936088,Beast,Chubby,Earwing,Cupid,Axie Kiss,Arco,Ranchu
12,11651445,Aquatic,Clear,Nimo,Sponge,Square Teeth,Anemone,Nimo
13,11897258,Aquatic,Kotaro?,Earwing,Tri Feather,Kotaro,Wing Horn,Cloud
14,11924017,Reptile,Gecko,Nimo,Sponge,Herbivore,Little Branch,Wall Gecko
15,11942458,Mech,Chubby,Pink Cheek,Cupid,Confident,Wing Horn,Cottontail
16,11918010,Reptile,Gecko,Nimo,Sponge,Silence Whisper,Incisor,Nimo
17,11850543,Plant,Gero,Nimo,Sponge,Square Teeth,Oranda,Ranchu
18,11950938,Dawn,Puppy,Nimo,Cupid,Piranha,Trump,Nimo
19,11817890,Plant,Gero,Nimo,Sponge,Risky Fish,Clamshell,Nimo
20,11938729,Dawn,Sleepless,Nimo,Sandal,Piranha,Trump,Nimo
21,11914243,Mech,Clear,Nimo,Sponge,Square Teeth,Cactus,Nimo
22,11953213,Mech,Sleepless,Tiny Fan,Hero,Piranha,Babylonia,Nimo
23,11846802,Dusk,Gecko,Small Frill,Green Thorns,Tiny Turtle,Scaly Spoon,Gila
24,11842911,Reptile,Gecko,Nimo,Sponge,Tiny Turtle,Oranda,Nimo
25,11939192,Reptile,Chubby,Pink Cheek,Green Thorns,Axie Kiss,Arco,Cattail
26,11939296,Beast,Chubby,Earwing,Cupid,Square Teeth,Arco,Gerbil
27,11642590,Mech,Lucas,Innocent Lamb,Pumpkin,Silence Whisper,Babylonia,Ant
28,11929369,Aquatic,Sleepless,Nimo,Sponge,Square Teeth,Shoal Star,Nimo
29,11910968,Plant,Gecko,Nimo,Sponge,Catfish,Cactus,Nimo
30,11726667,Dawn,Tricky,Innocent Lamb,Indian Star,Silence Whisper,Merry,Pupae
31,11954060,Plant,Clear,Nimo,Sponge,Catfish,Oranda,Nimo
0,11585633,Plant,Papi,Innocent Lamb,Shiitake,Mosquito,Strawberry Shortcake,Hatsune
1,11903102,Dawn,Sleepless,Nimo,Sandal,Piranha,Trump,Nimo
2,11904210,Aquatic,Sleepless,Nimo,Sandal,Square Teeth,Babylonia,Nimo
3,898830,Plant,Blossom,Clover,Pumpkin,Silence Whisper,Leaf Bug,Navaga
4,11941258,Bird,Chubby,Earwing,Tri Feather,Doubletalk,Wing Horn,Cloud
5,11644824,Bird,Mavis,Earwing,Tri Feather,Peace Maker,Wing Horn,Feather Fan
6,11797398,Mech,Tricky,Innocent Lamb,Indian Star,Pincer,Leaf Bug,Twin Tail
7,11936731,Mech,Sleepless,Nimo,Sandal,Square Teeth,Oranda,Nimo
0,11900421,Bug,Confused,Innocent Lamb,Garish Worm,Cute Bunny,Parasite,Nimo
1,11896840,Bird,Gecko,Nimo,Tri Feather,Kotaro,Wing Horn,Nimo
2,11693133,Aquatic,Gero,Nimo,Sponge,Square Teeth,Shoal Star,Nimo
3,11931743,Mech,Kotaro?,Earwing,Tri Feather,Kotaro,Wing Horn,Cloud
4,11916424,Plant,Clear,Nimo,Sponge,Lam,Oranda,Nimo
5,11937438,Mech,Sleepless,Nimo,Sandal,Square Teeth,Babylonia,Nimo
6,11928301,Reptile,Gecko,Nimo,Sponge,Tiny Turtle,Incisor,Nimo
7,6734070,Reptile,Confused,Swirl,Furball,Tiny Turtle,Scaly Spoon,Nimo
8,11910390,Dusk,Confused,Swirl,Timber,Cute Bunny,Bumpy,Nimo
9,11852051,Plant,Clear,Nimo,Sponge,Serious,Oranda,Nimo
10,11936064,Reptile,Gecko,Nimo,Sponge,Razor Bite,Cactus,Nimo
11,11905932,Aquatic,Clear,Nimo,Sponge,Square Teeth,Oranda,Nimo
0,11948813,Reptile,Gecko,Nimo,Sponge,Catfish,Cactus,Nimo
1,11858240,Plant,Clear,Nimo,Sponge,Risky Fish,Oranda,Nimo
2,11947889,Beast,Lucas,Earwing,Cupid,Axie Kiss,Arco,Gerbil
3,11947892,Beast,Lucas,Earwing,Buzz Buzz,Confident,Arco,Gerbil
4,11915716,Aquatic,Gero,Nimo,Sponge,Square Teeth,Shoal Star,Nimo
0,11940911,Bug,Clear,Nimo,Sponge,Square Teeth,Oranda,Nimo
1,11861601,Bird,Robin,Earwing,Tri Feather,Peace Maker,Feather Spear,Cloud
2,11861609,Bird,Topaz,Pink Cheek,Cupid,Hungry Bird,Feather Spear,Cloud
3,11646617,Dusk,Tricky,Nimo,Goldfish,Razor Bite,Oranda,Nimo
4,11928272,Reptile,Gecko,Nimo,Sponge,Tiny Turtle,Incisor,Nimo
5,11934995,Aquatic,Gero,Nimo,Sponge,Square Teeth,Shoal Star,Nimo
6,11885904,Dawn,Clear,Nimo,Goldfish,Kotaro,Oranda,Nimo
7,11783087,Mech,Topaz,Earwing,Tri Feather,Axie Kiss,Feather Spear,Cottontail
8,11745214,Mech,Clear,Tiny Fan,Anemone,Risky Fish,Oranda,Nimo
0,11930730,Beast,Chubby,Earwing,Buzz Buzz,Axie Kiss,Arco,Gerbil
1,11903104,Dawn,Sleepless,Nimo,Sandal,Piranha,Trump,Nimo
2,11888325,Aquatic,Sleepless,Nimo,Sandal,Square Teeth,Babylonia,Nimo
3,11933517,Mech,Chubby,Pink Cheek,Cupid,Axie Kiss,Arco,Cottontail
4,11932097,Beast,Chubby,Nyan,Cupid,Confident,Dual Blade,Cattail
5,11918286,Mech,Sleepless,Nimo,Sandal,Square Teeth,Oranda,Nimo
6,11946997,Mech,Scar,Pink Cheek,Tri Feather,Kotaro,Wing Horn,Cloud
0,11923472,Aquatic,Gero,Nimo,Sponge,Piranha,Shoal Star,Nimo
1,11899193,Aquatic,Clear,Nimo,Sponge,Zigzag,Oranda,Nimo
2,11936067,Reptile,Gecko,Nimo,Sponge,Catfish,Cactus,Nimo
3,11910117,Reptile,Clear,Nimo,Sponge,Pincer,Incisor,Nimo
0,11947736,Aquatic,Sleepless,Nimo,Sandal,Square Teeth,Oranda,Nimo
0,11925711,Plant,Cucumber Slice,Innocent Lamb,Bidens,Silence Whisper,Rose Bud,Cattail
1,11894501,Beast,Chubby,Earwing,Buzz Buzz,Catfish,Arco,Gerbil
2,11936719,Mech,Lucas,Innocent Lamb,Indian Star,Silence Whisper,Scaly Spoon,Ant
3,11934181,Aquatic,Little Owl,Owl,Tri Feather,Little Owl,Trump,Feather Fan
0,11858442,Aquatic,Cucumber Slice,Nimo,Sponge,Square Teeth,Clamshell,Nimo
1,11940061,Bird,Clear,Innocent Lamb,Tri Feather,Confident,Wing Horn,Cloud
2,11933928,Bird,Lucas,Innocent Lamb,Tri Feather,Confident,Wing Horn,Post Fight
3,11824880,Reptile,Gecko,Nimo,Sponge,Square Teeth,Watermelon,Snake Jar
4,11672316,Bug,Little Peas,Innocent Lamb,Tri Feather,Confident,Wing Horn,Cloud
5,11643670,Mech,Clear,Nimo,Sponge,Goda,Oranda,Nimo
6,11700519,Dusk,Gero,Nimo,Sponge,Piranha,Leaf Bug,Nimo
7,11651450,Aquatic,Clear,Nimo,Sponge,Square Teeth,Shoal Star,Nimo
8,11820961,Mech,Zeal,Earwing,Tri Feather,Kotaro,Wing Horn,Shiba
9,2335151,Reptile,Gecko,Nimo,Sponge,Tiny Turtle,Scaly Spear,Nimo
0,11652624,Bug,Mavis,Nimo,Perch,Risky Fish,Oranda,Nimo
1,11932268,Reptile,Gecko,Nimo,Sponge,Tiny Turtle,Incisor,Nimo
2,4513943,Plant,Papi,Sakura,Mint,Serious,Kestrel,Cloud
3,11489515,Reptile,Gecko,Small Frill,Green Thorns,Tiny Turtle,Scaly Spoon,Gila
4,11887400,Bug,Tricky,Innocent Lamb,Mint,Silence Whisper,Scaly Spoon,Pupae
5,11353960,Reptile,Gecko,Small Frill,Green Thorns,Tiny Turtle,Incisor,Wall Gecko
6,11955117,Bug,Confused,Clover,Snail Shell,Pincer,Eggshell,Gravel Ant
7,11937764,Bug,Clear,Nimo,Sponge,Square Teeth,Oranda,Nimo
8,11941861,Aquatic,Tricky,Tiny Fan,Spiky Wing,Piranha,Bumpy,Nimo
9,11938280,Aquatic,Gero,Nimo,Sponge,Square Teeth,Shoal Star,Nimo
10,11725293,Plant,Mavis,Innocent Lamb,Shiitake,Silence Whisper,Teal Shell,Hatsune
0,11938375,Aquatic,Sleepless,Nimo,Sponge,Square Teeth,Shoal Star,Nimo
1,11669635,Dawn,Robin,Clover,Indian Star,Pincer,Scaly Spoon,Hatsune
2,11908255,Plant,Gecko,Pink Cheek,Sponge,Tiny Turtle,Cactus,Nimo
3,11905853,Reptile,Clear,Nimo,Sponge,Square Teeth,Anemone,Nimo
4,11879797,Plant,Topaz,Pink Cheek,Garish Worm,Hungry Bird,Bumpy,Nimo
5,11899260,Aquatic,Little Peas,Nimo,Sponge,Square Teeth,Anemone,Nimo
0,11880995,Aquatic,Gero,Nimo,Sponge,Square Teeth,Shoal Star,Nimo
1,11894718,Reptile,Gecko,Nimo,Sponge,Tiny Turtle,Babylonia,Nimo
2,11877590,Reptile,Gecko,Nimo,Sponge,Razor Bite,Cactus,Nimo
3,11832554,Aquatic,Clear,Nimo,Sponge,Square Teeth,Oranda,Nimo
4,11660532,Plant,Telescope,Nimo,Sponge,Piranha,Oranda,Nimo
5,11906897,Mech,Gecko,Nimo,Sponge,Square Teeth,Oranda,Nimo
6,5410672,Aquatic,Gero,Nimo,Sponge,Risky Fish,Oranda,Nimo
7,11829656,Plant,Clear,Nimo,Sponge,Square Teeth,Little Branch,Nimo
8,11685303,Aquatic,Clear,Nimo,Sponge,Risky Fish,Oranda,Nimo
9,11889114,Reptile,Gecko,Nimo,Sponge,Tiny Turtle,Cactus,Nimo
10,11867616,Aquatic,Cucumber Slice,Nimo,Sponge,Square Teeth,Shoal Star,Nimo
0,11918875,Dawn,Sleepless,Nimo,Sandal,Piranha,Babylonia,Nimo
1,11936310,Aquatic,Sleepless,Nimo,Sandal,Square Teeth,Babylonia,Nimo
2,11934316,Mech,Sleepless,Nimo,Sandal,Square Teeth,Babylonia,Nimo
3,11933295,Aquatic,Sleepless,Nimo,Sandal,Axie Kiss,Rose Bud,Nimo
4,11942055,Mech,Sleepless,Nimo,Sandal,Square Teeth,Babylonia,Nimo
5,11935985,Dawn,Sleepless,Nimo,Sandal,Piranha,Babylonia,Nimo
0,11925372,Mech,Sleepless,Nimo,Sandal,Square Teeth,Babylonia,Nimo
0,11939431,Reptile,Sleepless,Nimo,Sponge,Toothless Bite,Incisor,Nimo
1,11820263,Aquatic,Sleepless,Nimo,Sponge,Risky Fish,Babylonia,Nimo
2,11676027,Plant,Bookworm,Nimo,Sponge,Piranha,Oranda,Nimo
0,11931699,Aquatic,Sleepless,Nimo,Sandal,Square Teeth,Babylonia,Nimo
1,11947590,Dawn,Sleepless,Nimo,Sandal,Axie Kiss,Trump,Nimo
2,11804747,Aquatic,Clear,Nimo,Sponge,Square Teeth,Shoal Star,Nimo
3,11953859,Mech,Sleepless,Nimo,Sandal,Square Teeth,Babylonia,Nimo
4,11862724,Reptile,Gecko,Pogona,Sponge,Tiny Turtle,Babylonia,Nimo
5,11935014,Aquatic,Clear,Nimo,Sponge,Square Teeth,Shoal Star,Nimo
6,11802444,Dawn,Clear,Nimo,Sponge,Confident,Oranda,Nimo
0,11800583,Aquatic,Gero,Nimo,Sponge,Square Teeth,Shoal Star,Nimo
1,11928632,Plant,Clear,Nimo,Sponge,Kotaro,Cactus,Nimo
2,11955257,Mech,Sleepless,Nimo,Sandal,Square Teeth,Oranda,Nimo
3,11847277,Aquatic,Clear,Nimo,Sponge,Square Teeth,Oranda,Nimo
4,11935934,Mech,Lucas,Innocent Lamb,Tri Feather,Kotaro,Wing Horn,Cloud
5,11921684,Mech,Clear,Nimo,Sponge,Razor Bite,Cactus,Nimo
6,11941690,Bird,Lucas,Earwing,Tri Feather,Kotaro,Wing Horn,Cloud
7,11902279,Reptile,Sleepless,Nimo,Sponge,Tiny Turtle,Oranda,Nimo
8,11940181,Mech,Sleepless,Nimo,Sponge,Square Teeth,Babylonia,Nimo
9,11947870,Bird,Robin,Earwing,Tri Feather,Hungry Bird,Wing Horn,Cloud
10,11910101,Reptile,Gecko,Nimo,Sponge,Tiny Turtle,Incisor,Nimo
