User ID,Name,Rank,Elo,Tier,Avatar,ended_time,axie_1,axie_2,axie_3,vstar,axie_1_rune,axie_2_rune,axie_3_rune,axie_1_eyes_charm,axie_1_mouth_charm,axie_1_ears_charm,axie_1_horn_charm,axie_1_back_charm,axie_1_tail_charm,axie_2_eyes_charm,axie_2_mouth_charm,axie_2_ears_charm,axie_2_horn_charm,axie_2_back_charm,axie_2_tail_charm,axie_3_eyes_charm,axie_3_mouth_charm,axie_3_ears_charm,axie_3_horn_charm,axie_3_back_charm,axie_3_tail_charm,Axie 1 Eyes Part ID,Axie 1 Ears Part ID,Axie 1 Horn Part ID,Axie 1 Back Part ID,Axie 1 Mouth Part ID,Axie 1 Tail Part ID,Axie 1 Class,Axie 2 Eyes Part ID,Axie 2 Ears Part ID,Axie 2 Horn Part ID,Axie 2 Back Part ID,Axie 2 Mouth Part ID,Axie 2 Tail Part ID,Axie 2 Class,Axie 3 Eyes Part ID,Axie 3 Ears Part ID,Axie 3 Horn Part ID,Axie 3 Back Part ID,Axie 3 Mouth Part ID,Axie 3 Tail Part ID,Axie 3 Class,Comp
1ec9eb6f-73b7-6f7e-a60c-eb2abf58bb09,JesDavG | SFG,1,Challenger,0,cute_puffy;shark,2024-01-05 14:45:21,11913344,11934613,11862721,2410,rune_neutral_3011_s6,rune_aquatic_4010_s6_nondec,rune_neutral_3012_s6,,,ecard_aquatic_3013_s6_nondec,ecard_neutral_2018_s6,ecard_aquatic_noir_1,ecard_aquatic_3013_s6_nondec,ecard_neutral_1010_s6,ecard_neutral_2010_s6_nft,ecard_aquatic_2013_s6_nft,,ecard_aquatic_puffy_1,ecard_aquatic_2013_s6_nft,ecard_reptile_3013_s6_nondec,ecard_reptile_3013_s6_nondec,ecard_neutral_2017_s6_nondec,,,ecard_aquatic_3013_s6_nondec,Clear,Nimo,Sponge,Piranha,Oranda,Nimo,Plant,Sleepless,Nimo,Sponge,Square Teeth,Shoal Star,Nimo,Aquatic,Gecko,Nimo,Sponge,Tiny Turtle,Incisor,Nimo,Reptile,Bubble
1ed06b56-8485-69d1-99e8-a285bfab2eb5,VidaLoka Solitario surfista,2,Challenger,0,s6_light_halloween_venoki;s6_goldenwood,2024-01-05 14:26:36,11844610,11934994,11932322,2372,rune_neutral_3011_s6_nft,rune_aquatic_4010_s6_nft,rune_neutral_3012_s6_nft,,,ecard_aquatic_3013_s6_nft,ecard_neutral_2018_s6,ecard_aquatic_3013_s6_nft,ecard_aquatic_3013_s6_nft,ecard_aquatic_2011_s6_nft,ecard_neutral_2010_s6_nft,ecard_aquatic_2013_s6_nft,,ecard_aquatic_puffy_1,ecard_aquatic_2013_s6_nft,ecard_reptile_3013_s6_nft,ecard_reptile_3013_s6_nondec,,ecard_neutral_2018_s6,,ecard_aquatic_3013_s6_nft,Clear,Nimo,Sponge,Risky Fish,Oranda,Nimo,Plant,Gero,Nimo,Sponge,Square Teeth,Shoal Star,Nimo,Aquatic,Gecko,Nimo,Sponge,Tiny Turtle,Incisor,Nimo,Reptile,Bubble
1eea0d3b-539d-6c7a-9e9d-b708206e44b6,Clevah,3,Challenger,0,,2024-01-05 14:45:21,11676072,11811064,11866091,2363,rune_neutral_3011_s6_nft,rune_aquatic_4010_s6_nft,rune_neutral_3012_s6_nft,,ecard_aquatic_3013_s6_nft,,ecard_neutral_2018_s6_nft,ecard_aquatic_noir_1,ecard_aquatic_3013_s6_nft,,ecard_neutral_2018_s6_nft,ecard_aquatic_2013_s6_nft,,ecard_aquatic_puffy_1,ecard_aquatic_2013_s6_nft,ecard_reptile_3013_s6_nft,ecard_reptile_3013_s6_nft,ecard_neutral_2017_s6_nft,,,ecard_aquatic_3013_s6_nft,Clear,Nimo,Sponge,Catfish,Oranda,Nimo,Plant,Gero,Nimo,Sponge,Square Teeth,Shoal Star,Nimo,Aquatic,Gecko,Nimo,Sponge,Tiny Turtle,Incisor,Nimo,Reptile,Bubble
1ec9eb6f-4ca0-6ece-a60c-42a0b7dde463,X.com/Kiiruzen | GCPH x GG,4,Challenger,0,seas_blue;s6_lotus_petal,2024-01-05 14:45:01,11858187,11710818,11923887,2338,rune_neutral_3012_s6_nft,rune_aquatic_4010_s6_nft,rune_neutral_3011_s6_nft,ecard_reptile_3013_s6_nft,,ecard_aquatic_3013_s6_nondec,ecard_neutral_2018_s6_nondec,,ecard_aquatic_3013_s6_nondec,ecard_aquatic_2011_s6_nft,ecard_bug_2012_s6_nft,ecard_aquatic_2013_s6_nft,ecard_neutral_1010_s6,ecard_aquatic_puffy_1,ecard_aquatic_2013_s6_nft,,ecard_neutral_2018_s6_nondec,ecard_neutral_2017_s6,ecard_aquatic_2011_s6_nft,ecard_aquatic_noir_1,ecard_aquatic_3013_s6_nft,Gecko,Nimo,Sponge,Tiny Turtle,Oranda,Nimo,Reptile,Gero,Nimo,Sponge,Square Teeth,Shoal Star,Nimo,Aquatic,Clear,Nimo,Sponge,Tiny Turtle,Oranda,Nimo,Bug,Bubble
1ec9eb6f-5e33-67cf-a60c-9b2bdb79202a,Arkna,5,Challenger,0,s6_dark_halloween_venoki;s6_goldenwood,2024-01-05 11:14:49,11925068,11691440,8149183,2302,rune_dawn_3010_s6_nft,rune_mech_4011_s6_nft,rune_neutral_3011_s6,,ecard_neutral_3010_s6,ecard_neutral_2017_s6_nondec,ecard_neutral_2018_s6,ecard_bug_4011_s6_nondec,ecard_neutral_2010_s6,,,ecard_aquatic_4011_s6_nondec,ecard_neutral_3012_s6_nft,ecard_aquatic_3012_s6_nondec,ecard_neutral_2010_s6,ecard_neutral_3012_s6,,ecard_aquatic_3012_s6_nft,ecard_neutral_3012_s6_nft,,ecard_neutral_1010_s6,Nerdy,Nimo,Sandal,Zigzag,Oranda,Nimo,Dawn,Clear,Tiny Fan,Goldfish,Piranha,Kestrel,Nimo,Mech,Tricky,Nimo,Goldfish,Lam,Cactus,Nimo,Aquatic,Tiny Fan
1ec9eb6f-53aa-6a21-a60c-4e17b7b54ba0,BR-Luana my love | BRABUS,6,Challenger,0,s6_top20k;fluffy_hooves,2024-01-05 14:45:01,11932763,11905431,11925458,2301,rune_neutral_3011_s6,rune_mech_4011_s6_nft,rune_dawn_4011_s6_nft,ecard_aquatic_2011_s6_nft,ecard_neutral_3010_s6,,ecard_neutral_2018_s6_nondec,ecard_bug_4011_s6_nft,ecard_aquatic_3013_s6_nft,ecard_aquatic_2011_s6_nft,ecard_neutral_3010_s6_nft,ecard_neutral_2017_s6_nft,,ecard_bug_4011_s6_nft,ecard_aquatic_3013_s6_nft,ecard_neutral_3010_s6_nft,ecard_aquatic_2011_s6_nft,,ecard_bird_3011_s6_nft,ecard_neutral_4011_s6_nft,ecard_aquatic_3013_s6_nft,Sleepless,Nimo,Sandal,Square Teeth,Oranda,Nimo,Aquatic,Sleepless,Nimo,Sandal,Square Teeth,Babylonia,Nimo,Mech,Sleepless,Nimo,Sandal,Piranha,Trump,Nimo,Dawn,Sandal
1ec9eb7e-3a8d-6fc0-a60c-4351ed7198d7,Furyzera ‚òÅ Red Cloudz,7,Challenger,0,turtle_buoy;collector_s6,2024-01-05 04:09:16,11905786,11800562,11926221,2300,rune_neutral_3011_s6_nft,rune_aquatic_4010_s6_nft,rune_neutral_3012_s6_nondec,,,ecard_aquatic_3013_s6_nondec,ecard_neutral_2018_s6,ecard_aquatic_noir_1,ecard_aquatic_3013_s6_nft,ecard_neutral_2010_s6_nondec,ecard_neutral_1010_s6,ecard_aquatic_2013_s6_nft,,ecard_aquatic_puffy_1,ecard_aquatic_2013_s6_nft,ecard_reptile_3013_s6_nft,,ecard_neutral_2017_s6_nft,,ecard_aquatic_noir_1,ecard_aquatic_3013_s6_nondec,Clear,Nimo,Sponge,Piranha,Oranda,Nimo,Plant,Gero,Nimo,Sponge,Square Teeth,Shoal Star,Nimo,Aquatic,Gecko,Nimo,Sponge,Catfish,Cactus,Nimo,Reptile,Bubble
1ec9eb7b-288a-6930-a60c-10305ebdc6c4,give me axp plz :(,8,Challenger,0,xmas_pomodoro_2023;ena_postseason_6,2024-01-05 11:37:34,11951880,11936838,11942379,2283,rune_beast_4011_s6_nondec,rune_bird_4010_s6_nft,rune_mech_4011_s6_nondec,ecard_beast_2012_s6_nft,ecard_neutral_2018_s6,,ecard_beast_4010_s6_nondec,ecard_bird_4010_s6_nft,ecard_neutral_2017_s6_nft,ecard_bird_3012_s6_nft,,ecard_neutral_2010_s6_nft,ecard_bird_2012_s6_nft,ecard_bird_3012_s6_nft,ecard_bird_3012_s6_nft,ecard_bird_3013_s6_nft,,ecard_bird_3013_s6_nft,,ecard_bird_3013_s6_nft,ecard_neutral_2017_s6_nft,Chubby,Pink Cheek,Cupid,Mosquito,Arco,Cattail,Beast,Lucas,Pink Cheek,Tri Feather,Hungry Bird,Wing Horn,Cloud,Bird,Lucas,Pink Cheek,Tri Feather,Doubletalk,Wing Horn,Cloud,Mech,Feather
1ee7b89d-6bc8-6e5e-afee-d16f13b4e2da,ROBORATZ | 3AM | YGG,9,Challenger,0,11;ena_postseason_6,2024-01-05 10:04:12,11636790,11906874,11889808,2278,rune_neutral_3011_s6,rune_aquatic_4010_s6_nondec,rune_neutral_3012_s6,ecard_neutral_2010_s6,ecard_neutral_2011_s6,ecard_neutral_2017_s6,ecard_neutral_1001,ecard_aquatic_noir_1,ecard_aquatic_3013_s6_nft,,,ecard_aquatic_2013_s6_nft,ecard_neutral_2018_s6,ecard_aquatic_puffy_1,ecard_aquatic_2013_s6_nft,ecard_reptile_3013_s6_nondec,ecard_neutral_2010_s6,,ecard_neutral_3012_s6,,ecard_aquatic_3013_s6_nft,Telescope,Nimo,Sponge,Risky Fish,Shoal Star,Nimo,Dawn,Clear,Nimo,Sponge,Square Teeth,Oranda,Nimo,Aquatic,Gecko,Nimo,Sponge,Razor Bite,Cactus,Nimo,Reptile,Bubble
1eca5064-dac9-610c-b5f9-36864bb80a8b,Eri | Project Eri,10,Challenger,0,s6_top1k;s6_serpentwood,2024-01-05 14:46:39,11934434,11913448,11905938,2277,rune_neutral_3012_s6,rune_aquatic_4010_s6_nft,rune_neutral_3011_s6,,ecard_neutral_2010_s6_nft,ecard_neutral_2017_s6_nondec,ecard_neutral_2010_s6_nft,ecard_aquatic_noir_1,ecard_aquatic_3013_s6_nondec,,ecard_neutral_3010_s6_nft,ecard_aquatic_2013_s6_nft,,ecard_aquatic_puffy_1,ecard_aquatic_2013_s6_nft,ecard_reptile_3013_s6_nft,,,ecard_neutral_2018_s6,ecard_aquatic_noir_1,ecard_aquatic_3013_s6_nft,Gecko,Nimo,Sponge,Catfish,Shoal Star,Nimo,Bug,Clear,Nimo,Sponge,Square Teeth,Oranda,Nimo,Aquatic,Topaz,Nimo,Sponge,Square Teeth,Oranda,Nimo,Reptile,Bubble
1ecb1b4a-f534-6092-9fc2-7cb72129a807,Youtube | Kaneyan | sushiclub,11,Challenger,0,creator_1;gold_s4,2024-01-05 13:49:58,11653701,11915713,11902447,2275,rune_neutral_3011_s6_nft,rune_aquatic_4010_s6_nft,rune_neutral_3012_s6_nft,,,ecard_aquatic_3013_s6_nft,ecard_neutral_2018_s6_nft,ecard_aquatic_3013_s6_nft,ecard_aquatic_3013_s6_nondec,,ecard_neutral_1010_s6,ecard_aquatic_2013_s6_nft,ecard_neutral_2010_s6_nft,ecard_aquatic_puffy_1,ecard_aquatic_2013_s6_nft,ecard_reptile_3013_s6_nft,ecard_reptile_3013_s6_nft,ecard_neutral_2017_s6_nondec,,,ecard_aquatic_3013_s6_nft,Clear,Nimo,Sponge,Piranha,Oranda,Nimo,Dusk,Gero,Nimo,Sponge,Square Teeth,Shoal Star,Nimo,Aquatic,Gecko,Nimo,Sponge,Tiny Turtle,Incisor,Nimo,Reptile,Bubble
1ec9eb6f-62c5-62a2-a60c-408f4d4f93f1,Twitch.tv/snoopy_axie | PWG,12,Challenger,0,xmas_tripp_2023;xmas_bell_2023,2024-01-05 14:42:22,11938547,11936710,11934759,2274,rune_neutral_3011_s6_nft,rune_mech_4011_s6_nft,rune_dawn_4011_s6_nft,ecard_neutral_3010_s6_nft,ecard_neutral_3010_s6,,ecard_aquatic_2011_s6_nft,ecard_bug_4011_s6_nft,ecard_aquatic_3013_s6_nft,ecard_aquatic_2011_s6_nft,ecard_neutral_3010_s6,,ecard_neutral_2018_s6_nondec,ecard_bug_4011_s6_nft,ecard_aquatic_3013_s6_nft,ecard_neutral_3010_s6_nft,ecard_aquatic_2011_s6_nft,,ecard_bird_3011_s6_nondec,ecard_neutral_4011_s6,ecard_aquatic_3013_s6_nft,Sleepless,Nimo,Sandal,Square Teeth,Babylonia,Nimo,Aquatic,Sleepless,Nimo,Sandal,Square Teeth,Oranda,Nimo,Mech,Sleepless,Nimo,Sandal,Piranha,Trump,Nimo,Dawn,Sandal
1ec9eb6f-990e-63d3-a60c-cd99ea2ceea2,Fuzy ‚òÅ Red Cloudz,13,Challenger,0,xmas22;temple_gate_lunar23,2024-01-05 11:01:13,11937363,11943996,11939914,2267,rune_beast_4011_s6_nondec,rune_bird_4010_s6_nondec,rune_mech_4011_s6_nondec,,,ecard_bug_4011_s6_nondec,ecard_beast_4010_s6_nondec,ecard_neutral_2018_s6,ecard_beast_4010_s6_nondec,,ecard_neutral_2010_s6,ecard_bird_3012_s6_nondec,ecard_bird_2012_s6_nft,ecard_bird_3012_s6_nondec,ecard_bird_3012_s6_nft,,ecard_neutral_3010_s6_nft,ecard_neutral_2018_s6,ecard_neutral_3012_s6_nft,ecard_neutral_2012_s6,ecard_neutral_2017_s6_nft,Chubby,Earwing,Cupid,Square Teeth,Arco,Gerbil,Beast,Lucas,Pink Cheek,Tri Feather,Hungry Bird,Wing Horn,Cloud,Bird,Lucas,Sidebarb,Tri Feather,Hungry Bird,Wing Horn,Cloud,Mech,Feather
1ed3274a-b4c3-6d28-9591-6c73becc1739,dAOTz,14,Challenger,0,s6_light_halloween_venoki;0,2024-01-05 06:54:54,11844616,11934996,11934439,2265,rune_neutral_3011_s6_nondec,rune_aquatic_4010_s6_nft,rune_neutral_3012_s6,,,ecard_aquatic_3013_s6_nft,ecard_neutral_2018_s6,ecard_aquatic_noir_1,ecard_aquatic_3013_s6_nondec,ecard_neutral_2010_s6,,ecard_aquatic_2013_s6_nft,ecard_neutral_1001,ecard_aquatic_puffy_1,ecard_aquatic_2013_s6_nft,ecard_reptile_3013_s6_nft,ecard_neutral_2018_s6,ecard_plant_0001,ecard_neutral_1010_s6,,ecard_aquatic_3013_s6_nft,Clear,Nimo,Sponge,Lam,Oranda,Nimo,Plant,Sleepless,Nimo,Sponge,Square Teeth,Shoal Star,Nimo,Aquatic,Gecko,Nimo,Sponge,Tiny Turtle,Cactus,Nimo,Reptile,Bubble
1ec9eb77-4911-64f9-a60c-7dad2ee5c563,ossada.ron ‚òÅ Red Cloudz,15,Challenger,0,cute_puffy;shark,2024-01-05 14:45:27,11858240,11915716,11948813,2247,rune_neutral_3011_s6_nft,rune_aquatic_4010_s6_nondec,rune_neutral_3012_s6_nft,,,ecard_aquatic_3013_s6_nondec,ecard_neutral_2018_s6,ecard_aquatic_noir_1,ecard_aquatic_3013_s6_nft,ecard_neutral_2010_s6,ecard_neutral_1001,ecard_aquatic_2013_s6_nft,,ecard_aquatic_puffy_1,ecard_aquatic_2013_s6_nft,ecard_reptile_3013_s6_nft,,ecard_neutral_2017_s6_nondec,,ecard_aquatic_noir_1,ecard_aquatic_3013_s6_nondec,Clear,Nimo,Sponge,Risky Fish,Oranda,Nimo,Plant,Gero,Nimo,Sponge,Square Teeth,Shoal Star,Nimo,Aquatic,Gecko,Nimo,Sponge,Catfish,Cactus,Nimo,Reptile,Bubble
1ec9eb6f-5039-687d-a60c-89a79f5936a1,METAT8 | FloncH,16,Challenger,0,buba_joker;xmas_bell_2023,2024-01-05 08:30:00,11945721,11913592,11920983,2234,rune_bug_4010_s6_nft,rune_bird_4010_s6_nft,rune_beast_4010_s6_nft,,ecard_neutral_2017_s6,ecard_bird_3013_s6_nft,ecard_neutral_2012_s6_nondec,ecard_bird_3013_s6_nft,ecard_neutral_2017_s6,ecard_bird_3012_s6_nft,,ecard_neutral_2010_s6_nondec,ecard_bird_2012_s6_nft,ecard_bird_3012_s6_nft,ecard_bird_3012_s6_nft,ecard_beast_2011_s6_nft,ecard_beast_3012_s6_nft,ecard_beast_3012_s6_nft,ecard_bird_2012_s6_nft,ecard_bird_3013_s6_nft,ecard_bird_2012_s6_nft,Nerdy,Pink Cheek,Tri Feather,Confident,Wing Horn,Cloud,Bug,Robin,Innocent Lamb,Tri Feather,Peace Maker,Wing Horn,Cloud,Bird,Little Peas,Zen,Tri Feather,Confident,Trump,Feather Fan,Beast,Feather
1ec9eb7b-2999-60a3-a60c-6446ed901bb4,ANA-Atchivat,17,Challenger,0,cute_ena;0,2024-01-05 12:57:56,11928811,11936713,11931364,2221,rune_neutral_3011_s6,rune_mech_4011_s6_nft,rune_dawn_4011_s6_nft,ecard_aquatic_2011_s6_nft,ecard_neutral_3010_s6_nft,ecard_neutral_2017_s6_nondec,,ecard_bug_4011_s6_nft,ecard_aquatic_3013_s6_nft,ecard_aquatic_2011_s6_nft,ecard_neutral_3010_s6_nft,,ecard_neutral_2018_s6,ecard_bug_4011_s6_nondec,ecard_aquatic_3013_s6_nft,ecard_aquatic_3010_s6_nft,ecard_aquatic_3010_s6_nft,ecard_neutral_1010_s6,ecard_bird_2012_s6_nft,ecard_neutral_4011_s6,ecard_aquatic_3013_s6_nft,Sleepless,Nimo,Sandal,Square Teeth,Babylonia,Nimo,Aquatic,Sleepless,Nimo,Sandal,Square Teeth,Oranda,Nimo,Mech,Sleepless,Nimo,Sandal,Piranha,Trump,Nimo,Dawn,Sandal
1ec9eb7e-36e9-6da2-a60c-ed0a11570bd1,qqqq,18,Challenger,0,cute_puffy;gold_s4,2024-01-05 01:54:19,11905790,11933104,11929855,2216,rune_neutral_3011_s6_nft,rune_mech_4011_s6_nft,rune_dawn_4011_s6_nft,ecard_neutral_1010_s6,ecard_reptile_3013_s6_nft,ecard_plant_0001,ecard_neutral_2018_s6_nft,,ecard_aquatic_3013_s6_nft,ecard_neutral_3010_s6_nft,ecard_aquatic_2011_s6_nft,ecard_aquatic_3012_s6_nft,ecard_aquatic_3010_s6_nondec,ecard_aquatic_2011_s6_nft,ecard_aquatic_3013_s6_nft,ecard_neutral_3010_s6_nft,ecard_aquatic_3010_s6_nft,ecard_aquatic_3012_s6_nft,ecard_aquatic_3010_s6_nft,,ecard_aquatic_3013_s6_nondec,Clear,Nimo,Red Ear,Toothless Bite,Oranda,Nimo,Bug,Sleepless,Nimo,Anemone,Piranha,Anemone,Nimo,Mech,Sleepless,Seaslug,Anemone,Piranha,Anemone,Nimo,Dawn,Anemone
1ec9eb7e-4145-6a78-a60c-f0931b43b3a1,Cryons | GCPH | YGG,19,Challenger,0,cute_puffy;puffy_postseason_6,2024-01-05 14:43:45,11923888,11931519,11918938,2216,rune_neutral_3011_s6,rune_aquatic_4010_s6_nondec,rune_neutral_3012_s6_nondec,ecard_neutral_2010_s6,ecard_neutral_2010_s6,ecard_aquatic_3013_s6_nondec,ecard_neutral_2018_s6,,ecard_aquatic_3013_s6_nondec,,ecard_neutral_3010_s6,ecard_aquatic_2013_s6_nft,,ecard_aquatic_puffy_1,ecard_aquatic_2013_s6_nft,ecard_reptile_3013_s6_nft,ecard_neutral_2018_s6,ecard_neutral_2017_s6,ecard_neutral_1010_s6,ecard_aquatic_noir_1,,Clear,Nimo,Sponge,Tiny Turtle,Oranda,Nimo,Bug,Gero,Nimo,Sponge,Square Teeth,Shoal Star,Nimo,Aquatic,Gecko,Nimo,Sponge,Tiny Turtle,Cactus,Nimo,Plant,Bubble
1ec9eb6f-4702-677d-a60c-5b43771e8057,extra,20,Challenger,0,easter_eggs;silver_s1,2024-01-05 05:45:39,11947889,11939926,11941252,2214,rune_beast_4011_s6_nondec,rune_mech_4011_s6_nondec,rune_bird_4010_s6_nondec,,,ecard_neutral_2018_s6,ecard_beast_4010_s6_nft,ecard_bird_4010_s6_nft,ecard_beast_4010_s6_nondec,ecard_bird_3013_s6_nft,,ecard_neutral_2018_s6_nft,ecard_neutral_2012_s6_nondec,ecard_bird_3013_s6_nft,ecard_neutral_2017_s6_nft,,ecard_neutral_2010_s6_nft,ecard_bug_4011_s6_nft,ecard_bird_2012_s6_nft,ecard_bird_3012_s6_nft,ecard_bird_3012_s6_nft,Lucas,Earwing,Cupid,Axie Kiss,Arco,Gerbil,Beast,Lucas,Earwing,Tri Feather,Toothless Bite,Wing Horn,Cloud,Mech,Clear,Earwing,Tri Feather,Cute Bunny,Wing Horn,Cloud,Bird,Feather
1ec9eb6f-81cf-6b09-a60c-48ece5c87f7d,AGsosu,21,Challenger,0,,2024-01-05 12:51:17,11773989,11931517,11910088,2201,rune_neutral_3011_s6,rune_aquatic_4010_s6_nft,rune_neutral_3012_s6_nft,ecard_neutral_2010_s6,ecard_neutral_2010_s6_nft,ecard_aquatic_3013_s6_nft,ecard_neutral_2018_s6_nft,,ecard_aquatic_3013_s6_nft,ecard_neutral_2010_s6_nondec,ecard_neutral_1010_s6,ecard_aquatic_2013_s6_nft,,ecard_aquatic_puffy_1,ecard_aquatic_2013_s6_nft,ecard_reptile_3013_s6_nft,,ecard_plant_0001,,ecard_aquatic_3013_s6_nondec,ecard_aquatic_3013_s6_nft,Clear,Nimo,Sponge,Square Teeth,Oranda,Nimo,Plant,Sleepless,Nimo,Sponge,Square Teeth,Shoal Star,Nimo,Aquatic,Gecko,Nimo,Sponge,Catfish,Cactus,Nimo,Reptile,Bubble
1ec9eb6f-7d78-6833-a60c-fa222a53053a,Pita PAPITAAAAA,22,Challenger,0,s5_top20k;s5_lotus_petal,2024-01-05 05:53:46,11916424,11693133,11928301,2199,rune_neutral_3011_s6_nft,rune_aquatic_4010_s6_nft,rune_neutral_3012_s6_nft,,,ecard_aquatic_3013_s6_nondec,ecard_neutral_2018_s6,ecard_aquatic_3013_s6_nft,ecard_aquatic_3013_s6_nft,ecard_neutral_1001,ecard_neutral_1001,ecard_aquatic_2013_s6_nft,ecard_neutral_1001,ecard_aquatic_puffy_1,ecard_aquatic_2013_s6_nft,ecard_reptile_3013_s6_nft,ecard_reptile_3013_s6_nft,ecard_neutral_2017_s6_nondec,,,ecard_aquatic_3013_s6_nft,Clear,Nimo,Sponge,Lam,Oranda,Nimo,Plant,Gero,Nimo,Sponge,Square Teeth,Shoal Star,Nimo,Aquatic,Gecko,Nimo,Sponge,Tiny Turtle,Incisor,Nimo,Reptile,Bubble
1ec9eb6f-9e3d-6f33-a60c-8d4b62e9f9ea,E L I | YGG | JRCHE,23,Challenger,0,cute_puffy;s6_goldenwood,2024-01-05 13:46:21,11807513,11906885,11928277,2198,rune_neutral_3011_s6_nondec,rune_aquatic_4010_s6_nondec,rune_neutral_3012_s6,ecard_neutral_2010_s6,ecard_neutral_1010_s6,ecard_aquatic_3013_s6_nondec,,ecard_aquatic_3013_s6_nondec,ecard_aquatic_3013_s6_nondec,ecard_neutral_2010_s6_nft,,ecard_aquatic_2013_s6_nft,ecard_aquatic_2011_s6_nft,ecard_aquatic_puffy_1,ecard_aquatic_2013_s6_nft,ecard_reptile_3013_s6_nft,ecard_reptile_3013_s6_nondec,ecard_neutral_2017_s6,ecard_neutral_2018_s6,,ecard_neutral_1010_s6,Clear,Nimo,Sponge,Risky Fish,Shoal Star,Nimo,Plant,Clear,Nimo,Sponge,Square Teeth,Oranda,Nimo,Aquatic,Gecko,Nimo,Sponge,Tiny Turtle,Incisor,Nimo,Reptile,Bubble
1ecc1502-6e24-62a2-badb-20451ca3da98,DeathLess | Guildless Gamers,24,Challenger,0,s6_light_halloween_venoki;s6_lotus_petal,2024-01-05 14:21:12,11869178,11934919,11910852,2190,rune_neutral_3011_s6,rune_mech_4011_s6_nft,rune_dawn_4011_s6_nft,ecard_neutral_3010_s6,ecard_aquatic_2011_s6_nft,ecard_neutral_1010_s6,ecard_aquatic_2011_s6_nft,ecard_neutral_4011_s6,ecard_aquatic_3013_s6_nondec,ecard_aquatic_2011_s6_nft,ecard_neutral_3010_s6_nft,ecard_neutral_2017_s6_nondec,,ecard_bug_4011_s6_nondec,ecard_aquatic_3013_s6_nft,ecard_neutral_3010_s6_nft,ecard_aquatic_3010_s6_nft,,ecard_aquatic_2011_s6_nft,ecard_neutral_4011_s6_nft,ecard_aquatic_3013_s6_nondec,Sleepless,Nimo,Sandal,Risky Fish,Anemone,Nimo,Aquatic,Sleepless,Nimo,Sandal,Square Teeth,Babylonia,Nimo,Mech,Sleepless,Nimo,Sandal,Piranha,Babylonia,Nimo,Dawn,Sandal
1ec9eb7e-3e8b-6f8f-a60c-60f412bac845,Netizen +62,25,Challenger,0,17;latam_1,2024-01-05 11:33:04,11651304,11919920,11918950,2190,rune_neutral_3011_s6_nondec,rune_aquatic_4010_s6_nondec,rune_neutral_3012_s6,,,ecard_aquatic_3013_s6_nft,ecard_neutral_3012_s6_nondec,ecard_aquatic_noir_1,ecard_neutral_2010_s6,,ecard_neutral_1010_s6,ecard_aquatic_2013_s6_nft,ecard_neutral_2010_s6_nondec,ecard_aquatic_puffy_1,ecard_aquatic_3012_s6_nft,ecard_reptile_3013_s6_nft,ecard_neutral_2010_s6,ecard_neutral_1010_s6,ecard_plant_3012_s6_nondec,ecard_aquatic_noir_1,,Clear,Nimo,Sponge,Herbivore,Oranda,Nimo,Dawn,Gero,Nimo,Sponge,Square Teeth,Oranda,Ranchu,Aquatic,Gecko,Nimo,Sponge,Toothless Bite,Cactus,Nimo,Plant,Bubble
1ec9eb73-b15b-6f76-a60c-f5d2e26a6aac,METAT8 | de-hi,26,Challenger,0,s6_light_halloween_venoki;gold_09_s1,2024-01-05 06:54:54,11904210,11936731,11903102,2189,rune_neutral_3011_s6_nft,rune_mech_4011_s6_nft,rune_dawn_4011_s6_nft,ecard_aquatic_2011_s6_nft,ecard_neutral_3010_s6_nft,ecard_neutral_2017_s6,,ecard_bug_4011_s6_nft,ecard_aquatic_3013_s6_nft,ecard_aquatic_2011_s6_nft,ecard_neutral_3010_s6_nondec,,ecard_neutral_2018_s6,ecard_bug_4011_s6_nft,ecard_aquatic_3013_s6_nft,ecard_neutral_3010_s6_nft,ecard_aquatic_3010_s6_nft,,ecard_bird_3011_s6_nft,ecard_neutral_3011_s6_nft,ecard_aquatic_3013_s6_nft,Sleepless,Nimo,Sandal,Square Teeth,Babylonia,Nimo,Aquatic,Sleepless,Nimo,Sandal,Square Teeth,Oranda,Nimo,Mech,Sleepless,Nimo,Sandal,Piranha,Trump,Nimo,Dawn,Sandal
1ec9eb6f-64e7-6170-a60c-e5b351a091f4,"piiq ,,",27,Challenger,0,buba_joker;s5_goldenwood,2024-01-05 08:58:57,11915957,11903302,11895434,2187,rune_neutral_3011_s6_nft,rune_mech_4011_s6_nft,rune_dawn_4011_s6_nft,ecard_aquatic_2011_s6_nft,ecard_neutral_3010_s6_nft,,ecard_neutral_2018_s6_nft,ecard_bug_4011_s6_nft,ecard_aquatic_3013_s6_nft,ecard_aquatic_2011_s6_nft,ecard_neutral_3010_s6_nft,ecard_neutral_2017_s6_nft,,ecard_bug_4011_s6_nft,ecard_aquatic_3013_s6_nft,ecard_neutral_3010_s6_nondec,ecard_aquatic_2011_s6_nft,,ecard_bird_3011_s6_nft,ecard_neutral_4011_s6_nft,ecard_aquatic_3013_s6_nft,Sleepless,Nimo,Sandal,Square Teeth,Oranda,Nimo,Aquatic,Sleepless,Nimo,Sandal,Square Teeth,Babylonia,Nimo,Mech,Sleepless,Nimo,Sandal,Piranha,Trump,Nimo,Dawn,Sandal
1ec9eb7e-370a-6692-a60c-529186da6448,2 days,28,Challenger,0,s6_mooncake;bandila_celebration,2024-01-05 09:13:22,11934553,11905898,11936337,2186,rune_neutral_3011_s6,rune_aquatic_4010_s6_nondec,rune_neutral_3012_s6_nft,ecard_neutral_1001,ecard_neutral_1010_s6,ecard_aquatic_3013_s6_nft,ecard_neutral_2018_s6_nft,ecard_aquatic_3013_s6_nft,ecard_neutral_1010_s6,ecard_neutral_2010_s6,,ecard_aquatic_2013_s6_nft,ecard_neutral_1001,ecard_aquatic_puffy_1,ecard_aquatic_2013_s6_nft,ecard_reptile_3013_s6_nft,,ecard_neutral_2017_s6_nondec,ecard_neutral_2018_s6_nft,ecard_aquatic_3013_s6_nft,ecard_neutral_1001,Clear,Nimo,Sponge,Square Teeth,Oranda,Nimo,Plant,Clear,Nimo,Sponge,Square Teeth,Shoal Star,Nimo,Aquatic,Gecko,Nimo,Sponge,Cute Bunny,Cactus,Nimo,Reptile,Bubble
1ec9eb7b-2913-62e0-a60c-8d5798170a19,castillo family,29,Challenger,0,filipino_flag;bandila_celebration,2024-01-05 09:59:14,11918629,11934927,11929092,2182,rune_neutral_3011_s6_nft,rune_mech_4011_s6_nondec,rune_dawn_4011_s6_nft,,ecard_neutral_3010_s6_nft,ecard_aquatic_3013_s6_nft,,ecard_bug_4011_s6_nondec,ecard_aquatic_3013_s6_nondec,ecard_neutral_2018_s6,ecard_neutral_3010_s6,,ecard_neutral_2018_s6,ecard_bug_4011_s6_nft,ecard_neutral_2010_s6,ecard_neutral_3010_s6,ecard_aquatic_2011_s6_nft,ecard_neutral_2017_s6_nondec,,ecard_neutral_3011_s6_nondec,ecard_aquatic_3013_s6_nft,Nerdy,Nimo,Sandal,Square Teeth,Shoal Star,Nimo,Aquatic,Sleepless,Nimo,Sandal,Square Teeth,Babylonia,Nimo,Mech,Sleepless,Nimo,Sandal,Piranha,Babylonia,Nimo,Dawn,Sandal
1ec9eb6f-4231-6a57-a60c-f9b3680dd480,ZeRo |üöÄ,30,Challenger,0,cute_ena;ena_postseason_6,2024-01-04 19:09:00,11850543,11651445,11918010,2173,rune_neutral_3012_s6,rune_aquatic_4010_s6_nft,rune_neutral_3011_s6_nft,ecard_neutral_3010_s6_nft,,ecard_aquatic_3013_s6_nft,ecard_neutral_2018_s6,ecard_neutral_1010_s6,ecard_aquatic_3012_s6_nft,,ecard_neutral_2010_s6_nft,ecard_aquatic_2013_s6_nft,ecard_aquatic_2011_s6_nft,ecard_aquatic_puffy_1,ecard_aquatic_2013_s6_nft,ecard_reptile_3013_s6_nft,ecard_plant_2012_s6_nft,ecard_neutral_2017_s6_nft,ecard_neutral_2018_s6,ecard_aquatic_3013_s6_nft,,Gero,Nimo,Sponge,Square Teeth,Oranda,Ranchu,Plant,Clear,Nimo,Sponge,Square Teeth,Anemone,Nimo,Aquatic,Gecko,Nimo,Sponge,Silence Whisper,Incisor,Nimo,Reptile,Bubble
1ec9eb6f-7df0-6ed2-a60c-cc7b88a95375,PROFE SERGIO,31,Challenger,0,good_boy;triumphant_paws,2024-01-05 14:37:48,4221890,11936211,11927643,2171,rune_bird_3012_s6_nft,rune_bird_4010_s6_nft,rune_mech_4011_s6_nft,ecard_bird_3013_s6_nft,,,ecard_bird_3013_s6_nft,ecard_bird_3013_s6_nft,ecard_neutral_2017_s6,ecard_neutral_2010_s6_nft,ecard_aquatic_2011_s6_nft,ecard_neutral_2012_s6_nft,ecard_bird_2012_s6_nft,ecard_bird_3012_s6_nft,ecard_bird_3012_s6_nft,ecard_neutral_2010_s6_nft,ecard_neutral_2017_s6_nft,ecard_neutral_2010_s6_nft,,ecard_bird_3013_s6_nft,ecard_bird_3013_s6_nft,Lucas,Peace Maker,Tri Feather,Hungry Bird,Trump,Cloud,Bird,Clear,Earwing,Tri Feather,Piranha,Wing Horn,Cloud,Bird,Nerdy,Pink Cheek,Tri Feather,Confident,Wing Horn,Granma's Fan,Mech,Feather
1ec9eb73-89e8-676b-a60c-3ab8156b257e,lynx pqp,32,Challenger,0,xmas22;ena_postseason_6,2024-01-05 05:11:19,11885904,11745214,11646617,2171,rune_dawn_3010_s6_nft,rune_mech_4011_s6_nft,rune_neutral_3011_s6,ecard_neutral_2010_s6,ecard_reptile_2011_s6_nondec,ecard_aquatic_3012_s6_nondec,ecard_neutral_2018_s6_nft,ecard_aquatic_3012_s6_nft,,,ecard_aquatic_3012_s6_nft,ecard_aquatic_4011_s6_nondec,ecard_neutral_2018_s6_nft,ecard_aquatic_3012_s6_nft,,ecard_neutral_2017_s6_nft,ecard_reptile_3013_s6_nft,ecard_neutral_2017_s6,ecard_aquatic_2011_s6_nft,ecard_aquatic_3012_s6_nondec,,Clear,Nimo,Goldfish,Kotaro,Oranda,Nimo,Dawn,Clear,Tiny Fan,Anemone,Risky Fish,Oranda,Nimo,Mech,Tricky,Nimo,Goldfish,Razor Bite,Oranda,Nimo,Dusk,Tiny Fan
1ec9eb6f-6afd-6841-a60c-11ef9d1f8194,DLmaracucho | PWG,33,Challenger,0,s6_top20k;collector_s6,2024-01-05 08:03:06,11650291,11653535,11700987,2171,rune_bird_3012_s6_nft,rune_bird_4010_s6_nondec,rune_mech_4011_s6_nft,ecard_neutral_2010_s6,ecard_neutral_2017_s6,ecard_neutral_2012_s6,ecard_bird_2012_s6_nft,ecard_bird_3013_s6_nft,ecard_bird_3013_s6_nft,ecard_neutral_1010_s6,ecard_beast_2011_s6_nft,ecard_bug_4011_s6_nft,ecard_bird_2012_s6_nft,ecard_bird_3012_s6_nft,ecard_bird_3012_s6_nft,,ecard_reptile_2011_s6_nft,,ecard_neutral_3012_s6_nondec,ecard_bird_3013_s6_nondec,ecard_bird_3013_s6_nft,Robin,Earwing,Tri Feather,Confident,Trump,Granma's Fan,Bird,Nerdy,Earwing,Tri Feather,Goda,Wing Horn,Granma's Fan,Bird,Robin,Earwing,Tri Feather,Toothless Bite,Wing Horn,Granma's Fan,Mech,Feather
1ec9eb7b-40f0-677c-a60c-2046a1b6e117,Aki | ¬∞ √ó ¬∞,34,Challenger,0,filipino_flag;paschal_eggs,2024-01-05 14:45:59,11899193,11923472,11910117,2170,rune_neutral_3011_s6_nft,rune_aquatic_4010_s6_nondec,rune_reptile_4010_s6_nondec,ecard_neutral_1010_s6,,ecard_neutral_2017_s6,ecard_neutral_2018_s6,ecard_aquatic_3013_s6_nft,ecard_aquatic_3013_s6_nft,,ecard_neutral_2018_s6_nft,ecard_aquatic_2013_s6_nft,,ecard_aquatic_puffy_1,ecard_aquatic_2013_s6_nft,,ecard_neutral_2017_s6,ecard_aquatic_3013_s6_nft,ecard_reptile_3013_s6_nft,,ecard_aquatic_3013_s6_nondec,Clear,Nimo,Sponge,Zigzag,Oranda,Nimo,Aquatic,Gero,Nimo,Sponge,Piranha,Shoal Star,Nimo,Aquatic,Clear,Nimo,Sponge,Pincer,Incisor,Nimo,Reptile,Bubble
1ec9eb6f-8c5d-649c-a60c-51c2478aa65f,everyone is connected.,35,Challenger,0,s6_top20k;collector_s6,2024-01-05 14:39:09,11915324,11910771,11932818,2170,rune_neutral_3011_s6,rune_mech_4011_s6_nondec,rune_dawn_4011_s6_nondec,,ecard_neutral_3010_s6_nondec,ecard_neutral_2017_s6,ecard_neutral_2011_s6,ecard_bug_4011_s6_nondec,ecard_aquatic_3013_s6_nondec,ecard_neutral_3010_s6,,,ecard_neutral_3010_s6,ecard_neutral_3012_s6_nondec,ecard_aquatic_3013_s6_nondec,ecard_neutral_2017_s6,ecard_neutral_3010_s6,,,ecard_neutral_4011_s6,ecard_aquatic_3013_s6_nondec,Sleepless,Nimo,Sandal,Square Teeth,Babylonia,Nimo,Aquatic,Sleepless,Nimo,Sandal,Piranha,Babylonia,Nimo,Mech,Cucumber Slice,Nimo,Sandal,Piranha,Trump,Nimo,Dawn,Sandal
1ec9eb6f-400c-6d33-a60c-585d541788c8,Tier,36,Challenger,0,0;0,2024-01-05 09:09:12,11892029,11940580,11932826,2169,rune_neutral_3011_s6,rune_mech_4011_s6_nondec,rune_dawn_4011_s6_nondec,ecard_neutral_3010_s6_nft,ecard_neutral_3010_s6,ecard_neutral_2017_s6,,ecard_neutral_4011_s6,,ecard_neutral_2011_s6,ecard_neutral_3010_s6,,ecard_neutral_3010_s6,ecard_bug_4011_s6_nft,ecard_aquatic_3013_s6_nondec,ecard_neutral_3010_s6,ecard_neutral_2011_s6,,ecard_neutral_3010_s6,ecard_neutral_3011_s6,ecard_aquatic_3013_s6_nondec,Sleepless,Nimo,Sandal,Square Teeth,Babylonia,Nimo,Aquatic,Sleepless,Nimo,Sandal,Square Teeth,Babylonia,Nimo,Mech,Sleepless,Nimo,Sandal,Piranha,Babylonia,Nimo,Dawn,Sandal
1ec9eb6f-9b0b-6239-a60c-c996889e0e94,Anakin ‚òÅ Red Cloudz ‚òÅ,37,Challenger,0,s6_light_halloween_venoki;s6_goldenwood,2024-01-05 11:32:59,11668788,11883917,11864671,2168,rune_bug_4010_s6_nondec,rune_aquatic_4010_s6_nft,rune_neutral_3011_s6,,,ecard_aquatic_3013_s6_nft,ecard_neutral_2018_s6,ecard_aquatic_3013_s6_nft,ecard_aquatic_3013_s6_nft,ecard_neutral_2010_s6,ecard_neutral_1010_s6,ecard_aquatic_2013_s6_nft,,ecard_aquatic_puffy_1,ecard_aquatic_2013_s6_nft,ecard_reptile_3013_s6_nft,,,ecard_neutral_2018_s6_nft,ecard_aquatic_3013_s6_nondec,ecard_aquatic_3013_s6_nft,Clear,Nimo,Sponge,Risky Fish,Oranda,Nimo,Bug,Gero,Nimo,Sponge,Square Teeth,Shoal Star,Nimo,Aquatic,Gecko,Nimo,Sponge,Square Teeth,Oranda,Nimo,Reptile,Bubble
1ec9eb6f-a5a7-62a5-a60c-371fe01e77a3,Who am I?,38,Challenger,0,0;0,2024-01-05 12:12:21,11940214,11934404,11925023,2163,rune_mech_4011_s6_nft,rune_beast_buba_1,rune_beast_4010_s6_nft,ecard_beast_3013_s6_nft,ecard_beast_3013_s6_nft,ecard_neutral_2015_s6_nft,ecard_neutral_2010_s6_nft,ecard_aquatic_3011_s6_nft,ecard_neutral_1010_s6,ecard_beast_3013_s6_nft,ecard_beast_3013_s6_nft,ecard_aquatic_3012_s6_nft,ecard_neutral_1010_s6,ecard_aquatic_3011_s6_nft,,ecard_beast_3013_s6_nft,ecard_beast_3013_s6_nft,ecard_neutral_2017_s6_nft,ecard_neutral_2010_s6_nft,ecard_aquatic_3011_s6_nft,,Puppy,Innocent Lamb,Perch,Confident,Little Branch,Nimo,Mech,Puppy,Nimo,Perch,Confident,Little Branch,Nimo,Beast,Puppy,Nimo,Perch,Confident,Imp,Nimo,Beast,Rage
1ec9eb6f-7ba0-6102-a60c-acde3d790cd9,JaleJo_GZ | TWTCH | PWG,39,Challenger,0,7;s5_goldenwood,2024-01-05 02:36:23,11852051,11905932,11936064,2163,rune_neutral_3012_s6_nft,rune_aquatic_4010_s6_nft,rune_neutral_3011_s6,,ecard_neutral_1010_s6,ecard_neutral_2017_s6,ecard_neutral_2018_s6_nft,ecard_aquatic_noir_1,ecard_aquatic_3013_s6_nft,,,ecard_aquatic_2013_s6_nft,ecard_neutral_2018_s6,ecard_aquatic_puffy_1,ecard_aquatic_2013_s6_nft,ecard_reptile_3013_s6_nft,ecard_reptile_2011_s6_nft,ecard_neutral_2017_s6,ecard_plant_2011_s6_nft,ecard_aquatic_noir_1,,Clear,Nimo,Sponge,Serious,Oranda,Nimo,Plant,Clear,Nimo,Sponge,Square Teeth,Oranda,Nimo,Aquatic,Gecko,Nimo,Sponge,Razor Bite,Cactus,Nimo,Reptile,Bubble
1ec9eb6f-5794-635f-a60c-f180420bf3b1,TOP DOG FIGHT,40,Challenger,0,s6_top20k;wood_s2,2024-01-05 02:51:23,11939679,11921517,11940585,2161,rune_neutral_3011_s6,rune_mech_4011_s6_nondec,rune_dawn_4011_s6_nondec,ecard_neutral_3010_s6,,ecard_aquatic_3013_s6_nft,ecard_neutral_2018_s6_nondec,ecard_aquatic_2011_s6_nft,ecard_aquatic_3013_s6_nft,ecard_neutral_3010_s6_nondec,,,ecard_aquatic_4011_s6_nondec,ecard_aquatic_puffy_1,ecard_aquatic_3013_s6_nft,ecard_neutral_3010_s6_nondec,ecard_aquatic_3010_s6_nft,,ecard_bird_3011_s6_nft,ecard_neutral_3011_s6,ecard_aquatic_3013_s6_nft,Sleepless,Nimo,Anemone,Toothless Bite,Oranda,Nimo,Aquatic,Sleepless,Nimo,Anemone,Piranha,Anemone,Nimo,Mech,Sleepless,Nimo,Sandal,Piranha,Trump,Nimo,Dawn,Nimo Burst
1ec9eb73-5b41-62e0-a60c-299d63c28684,carlnivore,41,Challenger,0,s5_top20k;bandila_celebration,2024-01-05 14:32:11,11668326,10877218,11718779,2160,rune_neutral_3012_s6_nft,rune_aquatic_4010_s6_nft,rune_neutral_3011_s6,ecard_neutral_2010_s6,ecard_neutral_2018_s6,ecard_aquatic_3013_s6_nft,ecard_neutral_2010_s6_nft,ecard_neutral_2013_s6,ecard_neutral_2010_s6_nft,,ecard_neutral_2010_s6,ecard_aquatic_2013_s6_nft,ecard_neutral_1010_s6,ecard_aquatic_puffy_1,ecard_aquatic_2013_s6_nft,ecard_neutral_1001,ecard_plant_3010_s6_nondec,ecard_neutral_2017_s6_nft,,ecard_aquatic_3013_s6_nft,ecard_aquatic_3013_s6_nft,Clear,Nimo,Sponge,Herbivore,Shoal Star,Nimo,Dusk,Sleepless,Nimo,Sponge,Lam,Babylonia,Nimo,Aquatic,Clear,Nimo,Sponge,Zigzag,Anemone,Nimo,Plant,Bubble
1edc087e-1a95-60e1-baa0-df68456b53db,Bubble again?,42,Challenger,0,easter_momo;paschal_eggs,2024-01-05 04:06:36,11944063,11944069,11949229,2159,rune_bird_3012_s6_nft,rune_bird_4010_s6_nondec,rune_mech_4011_s6_nft,ecard_reptile_3013_s6_nft,,ecard_neutral_2018_s6_nft,,ecard_bird_3013_s6_nft,ecard_bird_3013_s6_nft,ecard_neutral_1001,ecard_reptile_2011_s6_nft,ecard_neutral_2018_s6,ecard_bird_2012_s6_nft,ecard_bird_momo_1,ecard_bird_3012_s6_nft,ecard_neutral_2010_s6,ecard_neutral_1010_s6,ecard_bird_3013_s6_nft,ecard_bird_2012_s6_nft,ecard_bird_4010_s6_nondec,ecard_neutral_2017_s6_nondec,Topaz,Earwing,Tri Feather,Kotaro,Wing Horn,Cloud,Bird,Clear,Earwing,Tri Feather,Kotaro,Wing Horn,Cloud,Bird,Little Peas,Pink Cheek,Tri Feather,Hungry Bird,Wing Horn,Cloud,Mech,Feather
1ed8854a-8d6c-6360-bb21-015eaf0dec6b,[AG] Raccoon x GG,43,Challenger,0,filipino_puffy;collector_s6,2024-01-05 14:03:59,11908320,11917033,11933853,2159,rune_reptile_4011_s6_nft,rune_beast_4011_s6_nft,rune_plant_4010_s6_nondec,ecard_beast_2012_s6_nft,ecard_reptile_2011_s6_nft,ecard_reptile_3010_s6_nft,ecard_neutral_2018_s6,ecard_reptile_3010_s6_nft,ecard_neutral_2018_s6_nondec,ecard_beast_2012_s6_nft,ecard_beast_2011_s6_nft,ecard_bug_4011_s6_nondec,ecard_beast_4010_s6_nft,ecard_neutral_2012_s6_nft,ecard_beast_4010_s6_nondec,ecard_reptile_2011_s6_nft,,ecard_neutral_2010_s6,ecard_beast_4010_s6_nondec,ecard_bird_4010_s6_nondec,ecard_neutral_2017_s6_nft,Chubby,Friezard,Green Thorns,Razor Bite,Dual Blade,Iguana,Reptile,Chubby,Earwing,Buzz Buzz,Axie Kiss,Arco,Gerbil,Beast,Gecko,Pink Cheek,Cupid,Axie Kiss,Arco,Cottontail,Plant,Bleed
1ec9eb7e-50f2-6162-a60c-c0a9c14c8f8f,| AE | YGG,44,Challenger,0,cute_puffy;ena_postseason_6,2024-01-05 01:44:15,11936729,11936271,11920192,2156,rune_neutral_3011_s6_nft,rune_mech_4011_s6_nft,rune_dawn_4011_s6_nft,ecard_neutral_3010_s6_nft,ecard_neutral_3010_s6_nft,,ecard_aquatic_2011_s6_nft,ecard_bug_4011_s6_nondec,ecard_aquatic_3013_s6_nft,ecard_neutral_3010_s6_nft,ecard_neutral_3010_s6_nft,,ecard_aquatic_2011_s6_nft,ecard_bug_4011_s6_nft,ecard_aquatic_3013_s6_nft,,ecard_aquatic_2011_s6_nft,ecard_neutral_2017_s6,ecard_neutral_3010_s6,ecard_neutral_3011_s6,ecard_aquatic_3013_s6_nondec,Sleepless,Nimo,Sandal,Square Teeth,Babylonia,Nimo,Aquatic,Sleepless,Nimo,Sandal,Square Teeth,Babylonia,Nimo,Mech,Gero,Nimo,Sandal,Piranha,Babylonia,Nimo,Dawn,Sandal
1ec9eb7e-5f4e-6a9c-a60c-ad9e5a1f45f3,W or L wala nako pake,45,Challenger,0,easter_pandoro;ena_postseason_6,2024-01-05 04:53:13,11920925,11905923,11920815,2156,rune_neutral_3011_s6_nft,rune_aquatic_4010_s6_nft,rune_neutral_3012_s6,,ecard_neutral_2018_s6,ecard_aquatic_3013_s6_nft,ecard_neutral_2018_s6,ecard_aquatic_noir_1,ecard_neutral_1010_s6,,ecard_neutral_2010_s6_nft,ecard_aquatic_2013_s6_nft,ecard_neutral_1010_s6,ecard_aquatic_puffy_1,ecard_aquatic_2013_s6_nft,ecard_reptile_3013_s6_nft,,ecard_neutral_2017_s6,ecard_reptile_3013_s6_nft,,ecard_aquatic_3013_s6_nft,Clear,Nimo,Sponge,Square Teeth,Oranda,Nimo,Bug,Clear,Nimo,Sponge,Square Teeth,Oranda,Nimo,Aquatic,Gecko,Nimo,Sponge,Tiny Turtle,Incisor,Nimo,Reptile,Bubble
1ed65bf6-c991-663b-b49e-940ffd623333,mTz ‚òÅ Red Cloudz,46,Challenger,0,filipino_puffy;gold_s4,2024-01-05 14:44:06,11921394,11897404,11925217,2152,rune_neutral_3012_s6_nft,rune_beast_4011_s6_nft,rune_mech_4011_s6_nft,ecard_beast_4010_s6_nft,ecard_neutral_2017_s6_nft,,ecard_plant_3010_s6_nft,ecard_bird_2012_s6_nft,ecard_plant_4010_s6_nft,ecard_neutral_2012_s6,ecard_neutral_2011_s6,ecard_neutral_2012_s6_nft,ecard_beast_4010_s6_nft,ecard_bird_4010_s6_nft,ecard_beast_4010_s6_nft,ecard_beast_4010_s6_nft,,ecard_neutral_1001,ecard_beast_4010_s6_nft,ecard_neutral_3010_s6,ecard_neutral_2017_s6_nft,Chubby,Innocent Lamb,Cupid,Confident,Rose Bud,Cattail,Plant,Chubby,Earwing,Cupid,Hungry Bird,Arco,Gerbil,Beast,Chubby,Pink Cheek,Scarab,Axie Kiss,Dual Blade,Cottontail,Mech,Bleed
1ec9eb77-7045-684a-a60c-6b863d3ca711,Cool Bah Hey Nam Kha Yok,47,Challenger,0,cute_ena;ena_postseason_6,2024-01-05 14:34:17,11904341,11925072,11931365,2151,rune_neutral_3011_s6_nft,rune_mech_4011_s6_nft,rune_dawn_4011_s6_nft,ecard_neutral_3010_s6_nft,ecard_neutral_3010_s6_nft,ecard_neutral_2017_s6,ecard_aquatic_2011_s6_nft,ecard_neutral_3011_s6,ecard_neutral_1010_s6,ecard_aquatic_2011_s6_nft,ecard_neutral_3010_s6_nft,ecard_neutral_2017_s6_nft,ecard_neutral_2018_s6_nft,ecard_bug_4011_s6_nft,ecard_neutral_1010_s6,ecard_aquatic_2011_s6_nft,ecard_aquatic_3012_s6_nft,ecard_neutral_2017_s6_nft,ecard_bird_3011_s6_nft,ecard_neutral_3011_s6,ecard_neutral_1010_s6,Sleepless,Nimo,Sandal,Square Teeth,Babylonia,Nimo,Aquatic,Sleepless,Nimo,Sandal,Square Teeth,Oranda,Nimo,Mech,Sleepless,Nimo,Sandal,Piranha,Trump,Nimo,Dawn,Sandal
1ec9eb6f-942d-6c36-a60c-81d207073842,PWG | Potestaten Debon Army,48,Challenger,0,s6_light_halloween_venoki;silver_s3,2024-01-05 05:02:33,11904354,11910583,11910607,2149,rune_neutral_3011_s6_nft,rune_mech_4011_s6_nft,rune_dawn_4011_s6_nft,ecard_aquatic_2011_s6_nft,ecard_neutral_3010_s6_nft,,ecard_neutral_2018_s6_nondec,ecard_bug_4011_s6_nft,ecard_aquatic_3013_s6_nft,ecard_neutral_3010_s6,ecard_neutral_3010_s6_nft,,ecard_aquatic_2011_s6_nft,ecard_bug_4011_s6_nft,ecard_aquatic_3013_s6_nft,ecard_neutral_3010_s6,ecard_aquatic_3010_s6_nft,,ecard_aquatic_2011_s6_nft,ecard_neutral_4011_s6_nondec,ecard_aquatic_3013_s6_nondec,Sleepless,Nimo,Sandal,Square Teeth,Babylonia,Nimo,Aquatic,Sleepless,Nimo,Sandal,Square Teeth,Babylonia,Nimo,Mech,Sleepless,Nimo,Sandal,Piranha,Babylonia,Nimo,Dawn,Sandal
1ec9eb6f-73f8-62f4-a60c-0ae11f95814b,Jamaeca troy-terrence,49,Challenger,0,s6_light_halloween_venoki;s6_goldenwood,2024-01-05 08:40:43,11918270,11918249,11935098,2149,rune_bug_4010_s6_nft,rune_beast_4010_s6_nft,rune_mech_4011_s6_nondec,ecard_beast_3013_s6_nft,ecard_beast_3013_s6_nft,ecard_beast_3013_s6_nft,ecard_neutral_2010_s6,ecard_neutral_2011_s6,,,ecard_beast_3013_s6_nft,ecard_beast_3013_s6_nft,,ecard_beast_3010_s6_nondec,ecard_neutral_4010_s6_nft,ecard_beast_3013_s6_nft,ecard_beast_3013_s6_nft,ecard_beast_3013_s6_nft,ecard_neutral_3010_s6,,,Puppy,Zen,Ronin,Confident,Imp,Shiba,Bug,Little Peas,Zen,Ronin,Confident,Imp,Shrimp,Beast,Puppy,Zen,Ronin,Confident,Imp,Shiba,Mech,Rage
1edf3f57-f579-6b2b-b339-d42199c0bc26,Kira | BLUE | CTG,50,Challenger,0,s6_light_halloween_venoki;silver_s4,2024-01-04 17:03:43,11912358,11910732,11915013,2149,rune_neutral_3011_s6_nft,rune_mech_4011_s6_nft,rune_dawn_4011_s6_nft,,ecard_neutral_3010_s6,ecard_neutral_2017_s6_nft,,ecard_bug_4011_s6_nft,ecard_aquatic_3013_s6_nft,ecard_neutral_3010_s6,ecard_neutral_3010_s6_nft,,ecard_aquatic_2011_s6_nft,ecard_bug_4011_s6_nft,ecard_aquatic_3013_s6_nft,ecard_aquatic_2011_s6_nft,ecard_aquatic_3010_s6_nft,ecard_neutral_1010_s6,ecard_aquatic_3010_s6_nft,ecard_neutral_4011_s6_nft,ecard_aquatic_3013_s6_nft,Sleepless,Nimo,Sandal,Square Teeth,Babylonia,Nimo,Aquatic,Sleepless,Nimo,Sandal,Square Teeth,Babylonia,Nimo,Mech,Sleepless,Nimo,Sandal,Piranha,Babylonia,Nimo,Dawn,Sandal
1ec9eb6f-476f-6652-a60c-68e08b885697,cardokaren,51,Challenger,0,s6_light_halloween_venoki;s6_goldenwood,2024-01-05 08:59:08,11940512,11937438,11912110,2148,rune_neutral_3011_s6,rune_mech_4011_s6_nondec,rune_dawn_4011_s6_nft,,ecard_neutral_3010_s6,ecard_aquatic_3013_s6_nft,,ecard_bug_4011_s6_nondec,ecard_aquatic_3013_s6_nft,ecard_neutral_2018_s6,ecard_neutral_3010_s6,,ecard_neutral_2018_s6,ecard_bug_4011_s6_nft,ecard_neutral_2010_s6,,ecard_aquatic_2011_s6_nft,ecard_neutral_2017_s6_nondec,ecard_neutral_3010_s6,ecard_neutral_3011_s6,ecard_aquatic_3013_s6_nondec,Mavis,Nimo,Sandal,Square Teeth,Babylonia,Nimo,Aquatic,Sleepless,Nimo,Sandal,Square Teeth,Babylonia,Nimo,Mech,Gero,Nimo,Sandal,Piranha,Babylonia,Nimo,Dawn,Sandal
1ec9eb73-b38b-67cf-a60c-711b815c3350,Winters,52,Challenger,0,s4_top1k;s6_lotus_petal,2024-01-05 10:20:42,1233253,11934218,11858478,2146,rune_bird_3012_s6_nft,rune_bird_4010_s6_nft,rune_mech_4011_s6_nft,,ecard_bird_3013_s6_nft,ecard_bird_3013_s6_nft,,ecard_bird_4010_s6_nondec,ecard_neutral_2017_s6_nft,,ecard_bird_3012_s6_nft,ecard_neutral_2010_s6_nft,ecard_bird_2012_s6_nft,ecard_bird_3012_s6_nondec,ecard_bird_3012_s6_nft,,ecard_neutral_1010_s6,ecard_bird_3013_s6_nft,ecard_bird_2012_s6_nft,ecard_bird_3013_s6_nft,ecard_neutral_3012_s6_nft,Mavis,Pink Cheek,Cupid,Peace Maker,Kestrel,Cattail,Bird,Mavis,Innocent Lamb,Tri Feather,Peace Maker,Wing Horn,Cloud,Bird,Kotaro?,Pink Cheek,Tri Feather,Little Owl,Wing Horn,Feather Fan,Mech,Feather
1ed4bedd-9e0c-66bf-9ac3-ef1724101053,TIKA | AXF BR,53,Challenger,0,ena;s6_serpentwood,2024-01-05 06:34:16,11937265,11939901,11730275,2146,rune_bird_3012_s6_nft,rune_bird_4010_s6_nft,rune_mech_4011_s6_nft,,ecard_neutral_2017_s6_nft,ecard_bug_4011_s6_nft,,ecard_bird_3013_s6_nft,ecard_bird_3013_s6_nft,ecard_bird_3012_s6_nondec,ecard_bird_2011_s6_nft,ecard_neutral_2010_s6_nft,,ecard_bird_3012_s6_nft,ecard_bird_3012_s6_nft,ecard_neutral_2018_s6_nft,ecard_neutral_2017_s6_nft,,,ecard_bird_3013_s6_nft,ecard_neutral_4010_s6_nft,Nerdy,Earwing,Tri Feather,Confident,Wing Horn,Cloud,Bird,Lucas,Pink Cheek,Tri Feather,Hungry Bird,Wing Horn,Cloud,Bird,Kotaro?,Earwing,Tri Feather,Confident,Wing Horn,Shrimp,Mech,Feather
1ec9eb7a-f374-6801-a60c-977bdfad7192,Gutiescholar - Vioche - SFG,54,Challenger,0,cute_puffy;rainbow,2024-01-04 19:01:24,11718784,11701746,11881739,2145,rune_neutral_3011_s6_nft,rune_aquatic_4010_s6_nft,rune_neutral_3012_s6,,,ecard_aquatic_3013_s6_nft,ecard_neutral_2018_s6,ecard_aquatic_noir_1,ecard_aquatic_3013_s6_nondec,,ecard_bug_2012_s6_nft,ecard_aquatic_2013_s6_nft,ecard_neutral_2010_s6_nondec,ecard_aquatic_puffy_1,ecard_aquatic_2013_s6_nft,ecard_reptile_3013_s6_nft,ecard_reptile_3013_s6_nft,ecard_neutral_2017_s6_nondec,,,ecard_aquatic_3013_s6_nft,Clear,Nimo,Sponge,Piranha,Oranda,Nimo,Plant,Gero,Nimo,Sponge,Square Teeth,Shoal Star,Nimo,Aquatic,Gecko,Nimo,Sponge,Tiny Turtle,Incisor,Nimo,Reptile,Bubble
1ed2ae58-bf71-6ddd-b498-15e4a8e7a350,EL PRIMO DE PAPI | PWG,55,Challenger,0,s6_light_halloween_venoki;s6_goldenwood,2024-01-05 13:09:56,11938629,11937416,11939591,2145,rune_neutral_3011_s6,rune_mech_4011_s6_nft,rune_dawn_4011_s6_nft,ecard_neutral_3010_s6_nft,ecard_neutral_3010_s6_nft,,ecard_aquatic_2011_s6_nft,ecard_bug_4011_s6_nft,ecard_aquatic_3013_s6_nft,ecard_neutral_3010_s6_nft,ecard_neutral_3010_s6,,ecard_aquatic_2011_s6_nft,ecard_bug_4011_s6_nft,ecard_aquatic_3013_s6_nft,ecard_neutral_3010_s6_nft,,,ecard_neutral_3010_s6,ecard_neutral_4011_s6_nondec,ecard_aquatic_3013_s6_nft,Sleepless,Nimo,Sandal,Square Teeth,Babylonia,Nimo,Aquatic,Sleepless,Nimo,Sandal,Square Teeth,Babylonia,Nimo,Mech,Sleepless,Nimo,Sandal,Piranha,Babylonia,Nimo,Dawn,Sandal
1ec9eb77-511b-64e6-a60c-2bc1f8ec5d6f,METAT8 | MINOOO,56,Challenger,0,s6_light_halloween_venoki;gold_06_s3,2024-01-04 15:09:42,11947736,11918286,11903104,2144,rune_neutral_3011_s6,rune_mech_4011_s6_nft,rune_dawn_4011_s6_nft,ecard_aquatic_2011_s6_nft,ecard_neutral_3010_s6_nft,,ecard_neutral_2018_s6_nft,ecard_bug_4011_s6_nondec,ecard_aquatic_3013_s6_nft,ecard_aquatic_2011_s6_nft,ecard_neutral_3010_s6_nondec,,ecard_neutral_2018_s6_nft,ecard_bug_4011_s6_nft,ecard_aquatic_3013_s6_nondec,ecard_neutral_3010_s6_nft,ecard_aquatic_2011_s6_nft,,ecard_bird_3011_s6_nft,ecard_neutral_3011_s6_nft,ecard_aquatic_3013_s6_nondec,Sleepless,Nimo,Sandal,Square Teeth,Oranda,Nimo,Aquatic,Sleepless,Nimo,Sandal,Square Teeth,Oranda,Nimo,Mech,Sleepless,Nimo,Sandal,Piranha,Trump,Nimo,Dawn,Sandal
1ec9eb6f-5c45-6edb-a60c-6ebd13e47662,H ‚àÜ \/ ‚òØ C,57,Challenger,0,cute_ena;collector_s6,2024-01-04 19:16:37,11915466,11907979,11896355,2143,rune_neutral_3011_s6_nft,rune_mech_4011_s6_nondec,rune_dawn_4011_s6_nondec,ecard_aquatic_2011_s6_nft,ecard_neutral_3010_s6_nondec,,ecard_neutral_3010_s6_nondec,ecard_bug_4011_s6_nondec,ecard_aquatic_3013_s6_nft,ecard_neutral_3010_s6_nondec,ecard_neutral_3010_s6_nft,ecard_neutral_1010_s6,,ecard_bug_4011_s6_nondec,ecard_aquatic_2013_s6_nft,ecard_neutral_3010_s6_nondec,ecard_aquatic_2011_s6_nft,ecard_neutral_2017_s6,,ecard_neutral_3011_s6_nft,ecard_aquatic_2013_s6_nft,Gero,Nimo,Sandal,Square Teeth,Babylonia,Nimo,Bird,Sleepless,Nimo,Sandal,Square Teeth,Shoal Star,Nimo,Mech,Sleepless,Nimo,Sandal,Piranha,Babylonia,Nimo,Dawn,Sandal
1edc26b3-db63-670f-b0e9-a62d28d83bde,| Taguro | 3AM | YGG,58,Challenger,0,s6_light_halloween_venoki;s5_swamp_reed,2024-01-05 12:43:00,11879352,11933811,11933370,2143,rune_neutral_3011_s6,rune_aquatic_4010_s6_nondec,rune_neutral_3012_s6,ecard_neutral_2010_s6,ecard_neutral_2010_s6,ecard_aquatic_3013_s6_nft,ecard_neutral_2010_s6,ecard_neutral_1010_s6,ecard_aquatic_3013_s6_nft,ecard_neutral_1001,ecard_neutral_1001,ecard_aquatic_2013_s6_nft,ecard_aquatic_2011_s6_nft,ecard_aquatic_puffy_1,ecard_aquatic_2013_s6_nft,ecard_reptile_3013_s6_nft,ecard_reptile_2011_s6_nft,ecard_neutral_2017_s6,ecard_neutral_1010_s6,ecard_neutral_1010_s6,ecard_aquatic_3013_s6_nft,Clear,Nimo,Sponge,Lam,Shoal Star,Nimo,Mech,Clear,Nimo,Sponge,Square Teeth,Oranda,Nimo,Aquatic,Gecko,Nimo,Sponge,Toothless Bite,Cactus,Nimo,Reptile,Bubble
1edc5bce-4f82-68bf-a645-9cfbb3d7df1b,kagkog | skylab elite,59,Challenger,0,s6_light_halloween_venoki;bandila_celebration,2024-01-05 08:36:50,6734070,11900421,11910390,2142,rune_neutral_3011_s6,rune_bug_4011_s6_nft,rune_dusk_4010_s6_nondec,ecard_neutral_2017_s6,ecard_neutral_2018_s6_nondec,ecard_reptile_3013_s6_nft,ecard_neutral_3012_s6,,,ecard_neutral_2017_s6,ecard_neutral_4010_s6_nondec,ecard_neutral_1010_s6,ecard_bug_4011_s6_nondec,ecard_neutral_1010_s6,ecard_neutral_1001,ecard_plant_0001,ecard_neutral_4010_s6,ecard_reptile_3013_s6_nondec,ecard_neutral_2010_s6,ecard_neutral_2013_s6,,Confused,Swirl,Furball,Tiny Turtle,Scaly Spoon,Nimo,Reptile,Confused,Innocent Lamb,Garish Worm,Cute Bunny,Parasite,Nimo,Bug,Confused,Swirl,Timber,Cute Bunny,Bumpy,Nimo,Dusk,Confusion
1ed1062a-a94d-6e8d-967e-7d0a634ec797,Lunacian Haki,60,Challenger,0,s4_top20k;bandila_celebration,2024-01-05 09:38:26,11931699,11953859,11956017,2142,rune_neutral_3011_s6,rune_mech_4011_s6_nft,rune_dawn_4011_s6_nft,ecard_aquatic_2011_s6_nft,ecard_neutral_3010_s6,,ecard_neutral_2018_s6,ecard_bug_4011_s6_nondec,ecard_aquatic_3013_s6_nondec,,ecard_neutral_3010_s6,ecard_neutral_2017_s6,ecard_aquatic_2011_s6_nft,ecard_bug_4011_s6_nft,ecard_aquatic_3013_s6_nft,ecard_neutral_3010_s6,ecard_aquatic_2011_s6_nft,,ecard_bird_3011_s6_nft,ecard_neutral_4011_s6_nft,ecard_aquatic_3013_s6_nft,Sleepless,Nimo,Sandal,Square Teeth,Babylonia,Nimo,Aquatic,Sleepless,Nimo,Sandal,Square Teeth,Babylonia,Nimo,Mech,Sleepless,Nimo,Sandal,Piranha,Trump,Nimo,Dawn,Sandal
1ed19410-20df-695f-9db2-530ad8281856,duln1 | PSG | YGG,61,Challenger,0,8;0,2024-01-05 14:44:55,11875352,11927856,11918854,2141,rune_neutral_3011_s6_nft,rune_mech_4011_s6_nft,rune_dawn_4011_s6_nft,ecard_neutral_3010_s6_nft,,ecard_neutral_2017_s6_nondec,,ecard_neutral_4011_s6,ecard_aquatic_3013_s6_nft,ecard_neutral_3010_s6_nft,,,ecard_neutral_3010_s6_nft,ecard_neutral_3012_s6_nft,ecard_aquatic_3013_s6_nft,ecard_aquatic_2011_s6_nft,ecard_aquatic_3010_s6_nondec,,ecard_neutral_3010_s6,ecard_neutral_4011_s6,ecard_aquatic_3013_s6_nft,Gero,Nimo,Sandal,Piranha,Shoal Star,Nimo,Aquatic,Sleepless,Nimo,Sandal,Piranha,Babylonia,Nimo,Mech,Sleepless,Nimo,Sandal,Piranha,Babylonia,Nimo,Dawn,Sandal
1ec9eb6f-4966-68cc-a60c-21fb5077901d,SirDave.,62,Challenger,0,0;wood_s1,2024-01-05 12:34:04,11934324,11930529,11910919,2138,rune_neutral_3011_s6,rune_mech_4011_s6_nondec,rune_dawn_4011_s6_nft,,ecard_neutral_3010_s6_nondec,ecard_neutral_2017_s6,ecard_aquatic_2011_s6_nft,ecard_bug_4011_s6_nondec,ecard_aquatic_3013_s6_nft,ecard_neutral_3010_s6_nft,ecard_neutral_3010_s6,,ecard_aquatic_2011_s6_nft,ecard_bug_4011_s6_nft,ecard_aquatic_3013_s6_nft,ecard_neutral_3010_s6_nft,ecard_aquatic_3010_s6_nft,,ecard_aquatic_3010_s6_nft,ecard_neutral_3011_s6,ecard_aquatic_3013_s6_nft,Sleepless,Nimo,Sandal,Square Teeth,Babylonia,Nimo,Aquatic,Sleepless,Nimo,Sandal,Square Teeth,Babylonia,Nimo,Mech,Sleepless,Nimo,Sandal,Piranha,Babylonia,Nimo,Dawn,Sandal
1ec9eb7b-484a-6d38-a60c-b6b5748814a2,Dont Me | 2k,63,Challenger,0,cute_ena;s6_lotus_petal,2024-01-05 13:17:41,11884999,11923463,11902523,2135,rune_neutral_3011_s6_nft,rune_aquatic_4010_s6_nft,rune_neutral_3012_s6,,,ecard_aquatic_3013_s6_nft,ecard_neutral_2018_s6,ecard_aquatic_3013_s6_nft,ecard_aquatic_3013_s6_nft,ecard_aquatic_2011_s6_nft,ecard_bug_2012_s6_nft,ecard_aquatic_2013_s6_nft,ecard_neutral_1001,ecard_aquatic_puffy_1,ecard_aquatic_2013_s6_nft,ecard_reptile_3013_s6_nft,ecard_neutral_2018_s6,ecard_neutral_2017_s6_nondec,ecard_neutral_2011_s6,,ecard_aquatic_3013_s6_nft,Clear,Nimo,Sponge,Risky Fish,Oranda,Nimo,Plant,Gero,Nimo,Sponge,Square Teeth,Shoal Star,Nimo,Aquatic,Gecko,Nimo,Sponge,Tiny Turtle,Cactus,Nimo,Reptile,Bubble
1ec9eb73-96bb-6054-a60c-88cbf9b99152,Twitch.tv/Alig7777 | SFG,64,Challenger,0,sunglasses;collector_s6,2024-01-05 14:27:34,11660532,11880995,11866090,2134,rune_neutral_3011_s6_nft,rune_aquatic_4010_s6_nft,rune_neutral_3012_s6,,,ecard_aquatic_3013_s6_nft,ecard_neutral_2018_s6_nft,ecard_aquatic_noir_1,ecard_aquatic_3013_s6_nft,ecard_aquatic_2011_s6_nft,,ecard_aquatic_2013_s6_nft,ecard_neutral_2010_s6_nft,ecard_aquatic_puffy_1,ecard_aquatic_2013_s6_nft,ecard_reptile_3013_s6_nft,ecard_reptile_3013_s6_nft,ecard_neutral_2017_s6_nft,,,ecard_aquatic_3013_s6_nondec,Telescope,Nimo,Sponge,Piranha,Oranda,Nimo,Plant,Gero,Nimo,Sponge,Square Teeth,Shoal Star,Nimo,Aquatic,Gecko,Nimo,Sponge,Tiny Turtle,Incisor,Nimo,Reptile,Bubble
1eda8907-2925-64b1-bf4f-3ac11767d75a,SAVANN | Dyckoz,65,Challenger,0,s4_top20k;0,2024-01-05 12:34:30,11639083,11693322,11945037,2133,rune_neutral_3011_s6,rune_aquatic_4010_s6_nft,rune_neutral_3012_s6,,,ecard_aquatic_3013_s6_nft,ecard_neutral_2018_s6,ecard_aquatic_noir_1,ecard_aquatic_3013_s6_nft,ecard_neutral_1010_s6,ecard_neutral_2016_s6,ecard_aquatic_2013_s6_nft,,ecard_aquatic_puffy_1,ecard_aquatic_2013_s6_nondec,ecard_reptile_3013_s6_nft,,ecard_neutral_2017_s6,,ecard_aquatic_noir_1,ecard_aquatic_3013_s6_nondec,Telescope,Nimo,Sponge,Piranha,Oranda,Nimo,Dawn,Clear,Nimo,Sponge,Square Teeth,Shoal Star,Nimo,Aquatic,Gecko,Nimo,Sponge,Catfish,Cactus,Nimo,Reptile,Bubble
1ec9eb6f-6f57-6fb9-a60c-b54a79677610,LeeeSAN|A‚àíegg|Baka,66,Challenger,0,cute_ena;s6_goldenwood,2024-01-05 10:59:20,11939305,11938470,11884098,2133,rune_beast_4011_s6_nft,rune_bird_4010_s6_nft,rune_mech_4011_s6_nft,ecard_neutral_2010_s6_nft,,ecard_bug_4011_s6_nondec,ecard_beast_4010_s6_nft,ecard_bird_2012_s6_nft,ecard_beast_4010_s6_nft,,ecard_neutral_2010_s6_nft,ecard_bug_4011_s6_nft,ecard_bird_2012_s6_nondec,ecard_bird_3012_s6_nft,ecard_bird_3012_s6_nft,,ecard_neutral_2010_s6_nft,ecard_bug_4011_s6_nft,ecard_neutral_3012_s6,ecard_bird_3013_s6_nft,,Little Peas,Earwing,Cupid,Square Teeth,Arco,Gerbil,Beast,Nerdy,Earwing,Tri Feather,Hungry Bird,Wing Horn,Granma's Fan,Bird,Kotaro?,Earwing,Tri Feather,Hungry Bird,Wing Horn,Cottontail,Mech,Feather
1ec9eb6f-815c-6d46-a60c-b2f1c9e6874b,nikztv 2.0,67,Challenger,0,puffy_vday23;s6_serpentwood,2024-01-05 14:48:06,11933342,11918528,11931381,2131,rune_neutral_3011_s6,rune_mech_4011_s6_nft,rune_dawn_4011_s6_nft,ecard_neutral_2018_s6,ecard_neutral_3010_s6,,,ecard_neutral_3011_s6,ecard_aquatic_3013_s6_nft,ecard_aquatic_2011_s6_nft,ecard_neutral_3010_s6,ecard_plant_0001,,ecard_bug_4011_s6_nondec,ecard_aquatic_3013_s6_nft,ecard_neutral_3010_s6_nondec,ecard_aquatic_2011_s6_nondec,,ecard_bird_3011_s6_nft,ecard_neutral_4011_s6_nft,ecard_aquatic_3013_s6_nft,Sleepless,Nimo,Sandal,Square Teeth,Babylonia,Nimo,Aquatic,Sleepless,Nimo,Sandal,Square Teeth,Babylonia,Nimo,Mech,Sleepless,Nimo,Sandal,Piranha,Trump,Nimo,Dawn,Sandal
1ec9eb73-7f1a-6300-a60c-6d8af970ffb3,„ÅÇ„Åí„Å±„Çì„Åæ„Çì,68,Challenger,0,cute_ena;s6_serpentwood,2024-01-05 08:03:40,11921426,11933713,11895354,2129,rune_neutral_3011_s6_nondec,rune_mech_4011_s6_nft,rune_dawn_3010_s6_nft,ecard_neutral_3012_s6_nft,,ecard_neutral_2017_s6,ecard_reptile_3013_s6_nft,ecard_neutral_3010_s6_nft,,ecard_neutral_3010_s6_nft,,ecard_aquatic_4011_s6_nondec,ecard_neutral_2018_s6,ecard_neutral_3012_s6_nondec,,ecard_neutral_2017_s6,ecard_neutral_2017_s6,ecard_aquatic_3012_s6_nft,ecard_neutral_3012_s6_nft,,,Tricky,Nimo,Spiky Wing,Silence Whisper,Unko,Nimo,Aquatic,Little Peas,Tiny Fan,Sandal,Piranha,Oranda,Nimo,Mech,Puppy,Nimo,Buzz Buzz,Confident,Cactus,Nimo,Dawn,Tiny Fan
1ede7250-5e50-6776-8cc4-9dd3580fa6fe,yadzgg.ron,69,Challenger,0,xmas_tripp_2023;xmas_bell_2023,2024-01-05 14:35:28,11933351,11903144,11923099,2129,rune_neutral_3011_s6,rune_mech_4011_s6_nondec,rune_dawn_4011_s6_nft,,ecard_neutral_3010_s6_nondec,ecard_aquatic_3013_s6_nft,,ecard_bug_4011_s6_nondec,ecard_aquatic_3013_s6_nft,ecard_neutral_3010_s6,,ecard_neutral_2017_s6,,ecard_neutral_3012_s6_nondec,ecard_aquatic_3013_s6_nft,,ecard_neutral_3010_s6_nft,,ecard_neutral_3010_s6_nft,ecard_neutral_4011_s6_nondec,ecard_aquatic_3013_s6_nondec,Clear,Nimo,Sandal,Square Teeth,Babylonia,Nimo,Aquatic,Sleepless,Nimo,Sandal,Piranha,Babylonia,Nimo,Mech,Sleepless,Seaslug,Sandal,Square Teeth,Babylonia,Nimo,Dawn,Sandal
1ecac3a5-82ad-6f6f-ad56-1eebce258b45,CaraCute | EBL,70,Challenger,0,s6_top20k;creator_1,2024-01-05 09:34:09,11954060,11929369,11936067,2127,rune_neutral_3011_s6_nft,rune_aquatic_4010_s6_nft,rune_neutral_3012_s6,,ecard_aquatic_3013_s6_nondec,ecard_aquatic_3013_s6_nondec,ecard_neutral_2018_s6,,ecard_aquatic_3013_s6_nondec,ecard_aquatic_2011_s6_nft,ecard_neutral_2010_s6,ecard_aquatic_2013_s6_nft,,ecard_aquatic_puffy_1,ecard_aquatic_2013_s6_nft,ecard_reptile_3013_s6_nft,ecard_neutral_1010_s6,,ecard_plant_2011_s6_nft,ecard_aquatic_3013_s6_nft,ecard_aquatic_3013_s6_nft,Clear,Nimo,Sponge,Catfish,Oranda,Nimo,Plant,Sleepless,Nimo,Sponge,Square Teeth,Shoal Star,Nimo,Aquatic,Gecko,Nimo,Sponge,Catfish,Cactus,Nimo,Reptile,Bubble
1ec9eb73-58dd-6f66-a60c-a4eefe398baa,SAVANN | DerTab,71,Challenger,0,theorycrafter_s2;s6_spooky_halloween,2024-01-05 07:50:08,11918203,11931956,11245817,2127,rune_neutral_3012_s6,rune_beast_4011_s6_nft,rune_plant_4010_s6_nft,ecard_beast_4010_s6_nondec,ecard_neutral_2017_s6,ecard_neutral_2010_s6_nft,ecard_neutral_3010_s6,ecard_neutral_1001,ecard_neutral_2010_s6,ecard_beast_4010_s6_nft,ecard_beast_2011_s6_nft,ecard_neutral_3012_s6_nft,ecard_beast_4010_s6_nondec,ecard_neutral_2012_s6,,ecard_neutral_3012_s6,ecard_neutral_2010_s6,ecard_neutral_2010_s6,ecard_neutral_2017_s6,,ecard_plant_3010_s6_nondec,Chubby,Pink Cheek,Scarab,Confident,Dual Blade,Cottontail,Mech,Chubby,Earwing,Cupid,Axie Kiss,Arco,Ranchu,Beast,Zeal,Larva,Timber,Catfish,Rose Bud,Cattail,Plant,Bleed
1ec9eb6f-5141-69bc-a60c-427d11acb317,Gil $antos,72,Challenger,0,0;wood_s4,2024-01-05 14:43:45,11937764,11938280,11932268,2126,rune_neutral_3011_s6,rune_aquatic_4010_s6_nondec,rune_neutral_3012_s6,ecard_neutral_1010_s6,ecard_bug_4011_s6_nondec,,ecard_neutral_2018_s6,ecard_aquatic_noir_1,ecard_neutral_2010_s6,,ecard_neutral_3012_s6_nft,ecard_aquatic_2013_s6_nft,,ecard_neutral_2013_s6,ecard_aquatic_2013_s6_nft,ecard_reptile_3013_s6_nft,ecard_neutral_2018_s6,,ecard_reptile_2013_s6_nondec,ecard_aquatic_noir_1,,Clear,Nimo,Sponge,Square Teeth,Oranda,Nimo,Bug,Gero,Nimo,Sponge,Square Teeth,Shoal Star,Nimo,Aquatic,Gecko,Nimo,Sponge,Tiny Turtle,Incisor,Nimo,Reptile,Bubble
1ec9eb77-76f9-6b7b-a60c-b63f96ba4f4f,Presa,73,Challenger,0,patrick23_hat;blessing_atia,2024-01-05 06:01:28,11928124,11926857,11928927,2126,rune_neutral_3011_s6_nft,rune_mech_4011_s6_nondec,rune_dawn_4011_s6_nondec,ecard_aquatic_2011_s6_nft,ecard_neutral_3010_s6_nft,ecard_neutral_2017_s6_nondec,,ecard_bug_4011_s6_nondec,ecard_aquatic_3013_s6_nft,ecard_neutral_2021_s6,ecard_neutral_3010_s6,,ecard_neutral_3010_s6,ecard_bug_2012_s6_nft,ecard_aquatic_3013_s6_nft,ecard_aquatic_2011_s6_nft,ecard_aquatic_3010_s6_nft,ecard_neutral_2017_s6,,ecard_neutral_4011_s6,ecard_aquatic_3013_s6_nondec,Sleepless,Nimo,Sandal,Square Teeth,Caterpillars,Nimo,Aquatic,Confused,Nimo,Sandal,Square Teeth,Babylonia,Nimo,Mech,Sleepless,Nimo,Sandal,Piranha,Babylonia,Nimo,Dawn,Sandal
1ec9eb6f-5f38-6d1b-a60c-dba814a25f78,D@GG3R | YGG | LFG,74,Challenger,0,s6_light_halloween_venoki;latam_1,2024-01-05 10:15:58,11925711,11934181,11936719,2125,rune_plant_olek_1,rune_aquatic_4011_s6_nondec,rune_neutral_3010_s6,ecard_plant_3010_s6_nft,ecard_plant_2012_s6_nft,ecard_neutral_2010_s6_nft,ecard_plant_2011_s6_nft,ecard_plant_2011_s6_nft,ecard_plant_2011_s6_nft,ecard_bird_momo_1,ecard_bird_momo_1,ecard_bird_3012_s6_nft,ecard_neutral_1003,ecard_neutral_1012_s6,ecard_neutral_2012_s6,ecard_neutral_2010_s6_nft,ecard_neutral_2014_s6_nondec,ecard_neutral_2010_s6_nft,ecard_reptile_2011_s6_nft,ecard_reptile_2011_s6_nft,ecard_neutral_2010_s6_nft,Cucumber Slice,Innocent Lamb,Bidens,Silence Whisper,Rose Bud,Cattail,Plant,Little Owl,Owl,Tri Feather,Little Owl,Trump,Feather Fan,Aquatic,Lucas,Innocent Lamb,Indian Star,Silence Whisper,Scaly Spoon,Ant,Mech,Machine Gun Owl
1ec9eb73-b491-656d-a60c-2ebb6144527e,Bra Yan | GCPH | YGG,75,Challenger,0,tournament_atia;bandila_celebration,2024-01-05 13:52:08,11685039,11700514,11705901,2125,rune_neutral_3011_s6,rune_aquatic_4010_s6_nft,rune_plant_4010_s6_nondec,ecard_neutral_2010_s6,ecard_neutral_2010_s6,ecard_aquatic_3013_s6_nft,,ecard_neutral_2017_s6,ecard_aquatic_3013_s6_nft,ecard_neutral_2010_s6_nondec,ecard_neutral_3012_s6_nondec,ecard_aquatic_2013_s6_nft,,ecard_aquatic_puffy_1,,,ecard_neutral_4010_s6,ecard_plant_0001,,ecard_aquatic_3013_s6_nondec,ecard_neutral_2017_s6,Clear,Nimo,Sponge,Square Teeth,Cuckoo,Nimo,Bug,Telescope,Nimo,Sponge,Square Teeth,Oranda,Nimo,Aquatic,Gero,Nimo,Sponge,Square Teeth,Pliers,Cattail,Plant,Bubble
1ec9eb6f-5b7b-6474-a60c-9e063bf07fe4,Marky D | 2k,76,Challenger,0,s6_light_halloween_venoki;s5_swamp_reed,2024-01-04 10:11:23,11915314,11941213,11907006,2124,rune_neutral_3011_s6,rune_mech_4011_s6_nft,rune_dawn_4011_s6_nft,,ecard_neutral_3010_s6_nft,ecard_plant_0001,ecard_aquatic_2011_s6_nft,ecard_bug_4011_s6_nft,ecard_aquatic_3013_s6_nft,ecard_aquatic_2011_s6_nft,ecard_neutral_3010_s6,,ecard_neutral_3010_s6_nondec,ecard_bug_4011_s6_nft,ecard_aquatic_3013_s6_nft,ecard_aquatic_3010_s6_nondec,ecard_aquatic_3010_s6_nft,,ecard_aquatic_3010_s6_nft,ecard_neutral_4011_s6_nft,ecard_aquatic_3013_s6_nft,Sleepless,Nimo,Sandal,Square Teeth,Babylonia,Nimo,Aquatic,Sleepless,Nimo,Sandal,Square Teeth,Babylonia,Nimo,Mech,Sleepless,Nimo,Sandal,Piranha,Babylonia,Nimo,Dawn,Sandal
1ec9eb7e-39a4-635f-a60c-f08c538c62ce,Iranarcia2.ron + T. Veneco,77,Challenger,0,s5_top1k;ena_postseason_6,2024-01-05 07:39:14,11613912,11894280,11893076,2124,rune_bird_3012_s6_nondec,rune_bird_4010_s6_nondec,rune_bird_momo_1,,ecard_bird_3013_s6_nft,ecard_neutral_2018_s6_nft,,ecard_bird_3013_s6_nft,ecard_bird_3013_s6_nft,ecard_neutral_1010_s6,,ecard_bug_4011_s6_nondec,ecard_bird_3011_s6_nft,ecard_bird_3012_s6_nft,ecard_bird_3012_s6_nft,ecard_aquatic_3012_s6_nft,ecard_neutral_2017_s6_nft,ecard_neutral_2018_s6_nft,ecard_bird_2012_s6_nft,ecard_bird_3013_s6_nft,,Robin,Earwing,Tri Feather,Doubletalk,Kestrel,Granma's Fan,Bird,Kotaro?,Earwing,Tri Feather,Peace Maker,Wing Horn,Granma's Fan,Bird,Clear,Earwing,Tri Feather,Confident,Wing Horn,Ranchu,Bird,Feather
1ec9eb6f-432f-63bd-a60c-f39c16eed0ff,ExEcUtION. . .| GCPH x YGG,78,Challenger,0,s6_dark_halloween_venoki;s6_spooky_halloween,2024-01-05 09:00:53,11913417,11685305,11872634,2123,rune_neutral_3011_s6_nft,rune_aquatic_4010_s6_nft,rune_neutral_3012_s6_nft,,ecard_neutral_3010_s6_nft,ecard_aquatic_3013_s6_nft,ecard_neutral_2018_s6_nft,ecard_neutral_2013_s6_nft,ecard_aquatic_3013_s6_nondec,ecard_aquatic_2011_s6_nft,ecard_neutral_2016_s6_nft,ecard_aquatic_2013_s6_nft,,ecard_aquatic_puffy_1,ecard_aquatic_2013_s6_nft,ecard_reptile_3013_s6_nft,ecard_neutral_2018_s6_nondec,ecard_neutral_2017_s6,ecard_neutral_1001,ecard_aquatic_noir_1,,Clear,Nimo,Sponge,Square Teeth,Oranda,Nimo,Bug,Gero,Nimo,Sponge,Square Teeth,Shoal Star,Nimo,Aquatic,Gecko,Nimo,Sponge,Tiny Turtle,Cactus,Nimo,Reptile,Bubble
1ec9eb6f-5527-664c-a60c-813e967485da,2K+ | Axietamol,79,Challenger,0,cute_ena;s6_serpentwood,2024-01-05 14:22:36,11648596,11865770,11918933,2123,rune_neutral_3011_s6,rune_aquatic_4010_s6_nft,rune_neutral_3012_s6,,ecard_neutral_2018_s6,ecard_aquatic_3013_s6_nft,,ecard_aquatic_noir_1,ecard_aquatic_3013_s6_nft,,ecard_neutral_2011_s6,ecard_aquatic_2013_s6_nft,ecard_neutral_2010_s6,ecard_aquatic_puffy_1,ecard_aquatic_2013_s6_nft,,ecard_reptile_3013_s6_nft,ecard_neutral_2017_s6,,ecard_aquatic_noir_1,ecard_aquatic_3013_s6_nft,Clear,Nimo,Sponge,Risky Fish,Shoal Star,Nimo,Plant,Clear,Nimo,Sponge,Square Teeth,Babylonia,Nimo,Aquatic,Gero,Nimo,Sponge,Tiny Turtle,Cactus,Nimo,Reptile,Bubble
1ec9eb6f-6562-674a-a60c-34c38e1b5b30,El Fabio,80,Challenger,0,s3_top20k;bronze_s4,2024-01-05 14:44:06,11936687,11906899,11639604,2123,rune_reptile_4010_s6_nondec,rune_aquatic_4010_s6_nondec,rune_neutral_3011_s6,ecard_neutral_1001,ecard_aquatic_2013_s6_nft,ecard_neutral_2017_s6,ecard_neutral_1001,ecard_aquatic_noir_1,ecard_neutral_1001,,ecard_neutral_2010_s6,ecard_aquatic_2013_s6_nft,ecard_neutral_2018_s6_nft,ecard_aquatic_puffy_1,ecard_neutral_2010_s6,ecard_neutral_1001,ecard_neutral_4010_s6_nondec,ecard_neutral_2017_s6,ecard_bird_2012_s6_nft,ecard_aquatic_noir_1,ecard_neutral_1001,Gecko,Nimo,Sponge,Catfish,Wing Horn,Nimo,Reptile,Gecko,Nimo,Sponge,Square Teeth,Oranda,Nimo,Aquatic,Clear,Nimo,Sponge,Risky Fish,Wing Horn,Nimo,Bug,Feather
1ec9eb77-3ee8-6fa1-a60c-16684e57ba9d,NEWBIE,81,Challenger,0,cute_puffy;ena_postseason_6,2024-01-05 08:59:06,11921684,11800583,11910101,2122,rune_neutral_3011_s6,rune_aquatic_4010_s6_nondec,rune_neutral_3012_s6_nft,,ecard_neutral_2010_s6,ecard_neutral_2017_s6,ecard_neutral_2010_s6_nft,ecard_aquatic_noir_1,ecard_aquatic_3013_s6_nft,ecard_aquatic_2011_s6_nft,ecard_neutral_2010_s6,ecard_aquatic_2013_s6_nft,,ecard_aquatic_puffy_1,ecard_aquatic_2013_s6_nft,ecard_reptile_3013_s6_nft,ecard_reptile_3013_s6_nft,ecard_neutral_2010_s6_nft,ecard_neutral_1011_s6,,ecard_aquatic_3013_s6_nft,Clear,Nimo,Sponge,Razor Bite,Cactus,Nimo,Mech,Gero,Nimo,Sponge,Square Teeth,Shoal Star,Nimo,Aquatic,Gecko,Nimo,Sponge,Tiny Turtle,Incisor,Nimo,Reptile,Bubble
1ec9eb6f-3f6f-6dc9-a60c-0c55a9e611ab,netfox,82,Challenger,0,s6_light_halloween_venoki;paschal_eggs,2024-01-05 14:45:59,11935014,11923482,11940181,2120,rune_neutral_3011_s6_nft,rune_aquatic_4010_s6_nft,rune_mech_4011_s6_nft,ecard_neutral_1010_s6,ecard_neutral_1010_s6,ecard_aquatic_3013_s6_nft,ecard_neutral_1010_s6,ecard_aquatic_3013_s6_nft,ecard_aquatic_3013_s6_nondec,,ecard_neutral_3012_s6_nft,ecard_neutral_2010_s6_nft,,ecard_aquatic_puffy_1,ecard_aquatic_3013_s6_nft,ecard_neutral_2010_s6_nondec,ecard_neutral_1010_s6,ecard_aquatic_3013_s6_nondec,ecard_neutral_2010_s6_nondec,ecard_aquatic_3013_s6_nft,ecard_neutral_1010_s6,Clear,Nimo,Sponge,Square Teeth,Shoal Star,Nimo,Aquatic,Gero,Nimo,Sponge,Square Teeth,Shoal Star,Nimo,Aquatic,Sleepless,Nimo,Sponge,Square Teeth,Babylonia,Nimo,Mech,Bubble
1ec9eb7e-390c-60cf-a60c-817b1afc4c4b,syafiqnaqi,83,Challenger,0,filipino_puffy;puffy_postseason_6,2024-01-05 14:35:39,11920852,11915327,11918894,2120,rune_neutral_3011_s6_nft,rune_mech_4011_s6_nondec,rune_dawn_4011_s6_nft,,ecard_neutral_3010_s6_nft,ecard_neutral_1010_s6,ecard_neutral_2018_s6,ecard_bug_4011_s6_nft,ecard_aquatic_3013_s6_nft,ecard_neutral_3010_s6_nft,,,ecard_neutral_3010_s6_nft,ecard_neutral_3012_s6_nondec,ecard_aquatic_3013_s6_nft,,,ecard_plant_0001,ecard_neutral_3010_s6_nft,ecard_neutral_3012_s6_nft,ecard_aquatic_3013_s6_nondec,Sleepless,Nimo,Sandal,Square Teeth,Babylonia,Nimo,Aquatic,Sleepless,Nimo,Sandal,Piranha,Babylonia,Nimo,Mech,Sleepless,Nimo,Sandal,Piranha,Babylonia,Nimo,Dawn,Sandal
1ec9eb6f-5c61-6288-a60c-9b746d422fdd,ZenNichi#0530,84,Challenger,0,s6_light_halloween_venoki;rainbow,2024-01-05 13:20:09,11920916,11685296,11920834,2119,rune_neutral_3011_s6_nft,rune_aquatic_4010_s6_nft,rune_neutral_3012_s6_nft,,ecard_neutral_2010_s6_nft,ecard_aquatic_3013_s6_nft,ecard_neutral_2018_s6_nft,ecard_aquatic_3013_s6_nft,ecard_neutral_2010_s6,ecard_aquatic_2011_s6_nft,ecard_bug_2012_s6_nft,ecard_aquatic_2013_s6_nft,ecard_neutral_1010_s6,ecard_aquatic_puffy_1,ecard_aquatic_2013_s6_nft,ecard_reptile_3013_s6_nft,ecard_reptile_3013_s6_nft,,ecard_neutral_2018_s6_nft,,ecard_aquatic_3013_s6_nft,Clear,Nimo,Sponge,Square Teeth,Oranda,Nimo,Bug,Gero,Nimo,Sponge,Square Teeth,Shoal Star,Nimo,Aquatic,Gecko,Nimo,Sponge,Tiny Turtle,Incisor,Nimo,Reptile,Bubble
1ec9eb6f-51b8-6b62-a60c-233b982b9c1d,maaaataku,85,Challenger,0,1;s6_goldenwood,2024-01-04 15:17:56,11714005,11631557,11711409,2118,rune_bird_3012_s6_nondec,rune_bird_4010_s6_nondec,rune_mech_4011_s6_nondec,ecard_reptile_2011_s6_nft,ecard_neutral_2010_s6,ecard_bird_3013_s6_nft,,ecard_bird_3013_s6_nondec,ecard_neutral_2017_s6,ecard_bird_momo_1,,ecard_neutral_2010_s6_nondec,ecard_bird_2012_s6_nft,ecard_bird_3012_s6_nondec,ecard_bird_3012_s6_nft,ecard_reptile_2011_s6_nft,,ecard_neutral_1010_s6,ecard_neutral_3012_s6_nft,ecard_bird_3013_s6_nondec,ecard_neutral_2017_s6_nondec,Topaz,Pink Cheek,Tri Feather,Little Owl,Little Branch,Cloud,Bird,Robin,Earwing,Tri Feather,Hungry Bird,Wing Horn,Granma's Fan,Bird,Topaz,Curly,Tri Feather,Goda,Wing Horn,Cloud,Mech,Feather
1ec9eb7e-6b31-69f7-a60c-b656aa64808d,Boss Padi,86,Challenger,0,cute_ena;paschal_eggs,2024-01-05 08:02:17,7495083,12,5153514,2118,rune_dusk_4010_s6_nondec,rune_bird_4010_s6_nondec,rune_plant_4010_s6_nondec,,ecard_reptile_3013_s6_nft,ecard_neutral_2010_s6,ecard_neutral_2018_s6,ecard_neutral_2017_s6,ecard_neutral_2017_s6,ecard_neutral_1001,ecard_bird_momo_1,ecard_neutral_1010_s6,ecard_bird_3012_s6_nft,ecard_bird_3012_s6_nondec,ecard_bird_2012_s6_nft,ecard_plant_4010_s6_nondec,ecard_neutral_1010_s6,ecard_neutral_1010_s6,ecard_neutral_2017_s6,ecard_neutral_2017_s6,ecard_neutral_2017_s6,Tricky,Innocent Lamb,Snail Shell,Tiny Turtle,Incisor,Cloud,Dusk,,,,,,,,Papi,Lotus,Pumpkin,Serious,Rose Bud,Cattail,Plant,Momo Enjoyer
1ec9eb6f-6978-6044-a60c-a6688739d011,ARIS  |  GAZA,87,Challenger,0,buba_joker;perch,2024-01-05 02:40:02,11884551,11890574,11918056,2118,rune_bird_3012_s6_nft,rune_bird_4010_s6_nft,rune_mech_4011_s6_nft,,ecard_neutral_2018_s6,ecard_neutral_1010_s6,ecard_bird_3013_s6_nft,ecard_bird_3013_s6_nft,ecard_neutral_2017_s6_nft,,ecard_neutral_2018_s6_nft,,ecard_bird_3013_s6_nft,ecard_bird_3012_s6_nft,ecard_bird_3012_s6_nft,,ecard_neutral_1010_s6,ecard_neutral_1010_s6,ecard_bird_3013_s6_nft,ecard_bird_3013_s6_nft,ecard_neutral_3012_s6_nft,Tricky,Innocent Lamb,Tri Feather,Hungry Bird,Feather Spear,Cloud,Bird,Mavis,Pink Cheek,Tri Feather,Peace Maker,Feather Spear,Cloud,Bird,Puppy,Early Bird,Tri Feather,Little Owl,Feather Spear,Feather Fan,Mech,Feather
1ee24a1d-8421-6b4d-b09d-4c59a28900df,ouroboros,88,Challenger,0,s6_top20k;s6_serpentwood,2024-01-05 13:27:44,11925029,11894287,11917514,2114,rune_beast_4010_s6_nondec,rune_beast_buba_1,rune_beast_2010_s6_nft,ecard_beast_3013_s6_nondec,ecard_beast_3013_s6_nft,ecard_neutral_2015_s6,ecard_neutral_2010_s6,ecard_neutral_2010_s6,ecard_neutral_1010_s6,ecard_beast_3013_s6_nft,ecard_beast_3013_s6_nft,ecard_aquatic_3012_s6_nft,ecard_neutral_1010_s6,ecard_aquatic_3011_s6_nft,,ecard_beast_3013_s6_nft,ecard_beast_3013_s6_nft,ecard_neutral_2017_s6_nft,ecard_neutral_2010_s6_nft,ecard_aquatic_3011_s6_nft,,Puppy,Innocent Lamb,Perch,Confident,Arco,Nimo,Beast,Puppy,Nimo,Perch,Confident,Little Branch,Nimo,Beast,Puppy,Nimo,Perch,Confident,Little Branch,Nimo,Beast,Rage
1ec9eb6f-4381-622a-a60c-ab327c0aab85,[FR] Bitoku,89,Challenger,0,s6_top20k;s6_lotus_petal,2024-01-05 14:33:46,11936037,11894501,11895882,2114,rune_neutral_3012_s6,rune_beast_4011_s6_nft,rune_mech_4011_s6_nft,ecard_reptile_3013_s6_nft,,ecard_neutral_1010_s6,ecard_reptile_3013_s6_nft,ecard_neutral_2010_s6,ecard_beast_4010_s6_nft,,ecard_aquatic_3011_s6_nft,,ecard_beast_4010_s6_nft,ecard_neutral_3012_s6,ecard_beast_4010_s6_nondec,ecard_beast_4010_s6_nondec,ecard_neutral_1011_s6,,ecard_neutral_3010_s6,ecard_neutral_3010_s6_nondec,ecard_beast_4010_s6_nft,Gecko,Pink Cheek,Green Thorns,Axie Kiss,Scaly Spoon,Gerbil,Reptile,Chubby,Earwing,Buzz Buzz,Catfish,Arco,Gerbil,Beast,Chubby,Pink Cheek,Scarab,Axie Kiss,Dual Blade,Gerbil,Mech,Bleed
1ec9eb77-9204-6351-a60c-29e52a01d75c,Baphometh | JRCHE | YGG,90,Challenger,0,4;patrick23,2024-01-05 14:44:33,11940911,11934995,11928272,2112,rune_neutral_3011_s6_nondec,rune_aquatic_4010_s6_nondec,rune_neutral_3012_s6_nondec,,ecard_neutral_2010_s6,ecard_aquatic_3013_s6_nondec,ecard_neutral_2018_s6,ecard_aquatic_noir_1,ecard_neutral_2010_s6,ecard_aquatic_2011_s6_nft,ecard_neutral_2010_s6,ecard_aquatic_2013_s6_nft,,ecard_aquatic_puffy_1,ecard_aquatic_2013_s6_nft,ecard_reptile_3013_s6_nondec,ecard_reptile_3013_s6_nondec,ecard_neutral_2017_s6_nft,,,ecard_aquatic_3013_s6_nft,Clear,Nimo,Sponge,Square Teeth,Oranda,Nimo,Bug,Gero,Nimo,Sponge,Square Teeth,Shoal Star,Nimo,Aquatic,Gecko,Nimo,Sponge,Tiny Turtle,Incisor,Nimo,Reptile,Bubble
1ecd555e-542a-6030-bc8b-0af094b1dc00,Toturi | 40axiers,91,Challenger,0,cute_ena;ena_postseason_6,2024-01-05 10:21:05,11909223,11923469,11928285,2112,rune_neutral_3011_s6,rune_aquatic_4010_s6_nft,rune_neutral_3012_s6,,,ecard_aquatic_3013_s6_nft,ecard_neutral_2018_s6,ecard_aquatic_noir_1,ecard_aquatic_3013_s6_nft,ecard_neutral_1010_s6,,ecard_aquatic_2013_s6_nft,ecard_neutral_2010_s6_nft,ecard_aquatic_puffy_1,ecard_aquatic_2013_s6_nft,ecard_reptile_3013_s6_nft,ecard_reptile_3013_s6_nft,ecard_neutral_2017_s6_nft,,,ecard_aquatic_3013_s6_nft,Clear,Nimo,Sponge,Risky Fish,Oranda,Nimo,Plant,Gero,Nimo,Sponge,Square Teeth,Shoal Star,Nimo,Aquatic,Gecko,Nimo,Sponge,Tiny Turtle,Incisor,Nimo,Reptile,Bubble
1ec9eb6f-7118-6d96-a60c-43526cac178c,LivepoolBR,92,Challenger,0,shy;perch,2024-01-05 03:50:21,11685303,11867616,11894718,2112,rune_neutral_3011_s6,rune_aquatic_4010_s6_nft,rune_neutral_3012_s6,ecard_neutral_2010_s6,ecard_neutral_2010_s6_nft,ecard_neutral_2017_s6,ecard_neutral_2018_s6,ecard_aquatic_noir_1,ecard_neutral_1010_s6,ecard_plant_2011_s6_nft,ecard_neutral_3012_s6,ecard_aquatic_3013_s6_nft,,ecard_aquatic_puffy_1,,ecard_reptile_3013_s6_nft,ecard_reptile_3010_s6_nft,ecard_aquatic_3013_s6_nondec,,ecard_aquatic_noir_1,,Clear,Nimo,Sponge,Risky Fish,Oranda,Nimo,Aquatic,Cucumber Slice,Nimo,Sponge,Square Teeth,Shoal Star,Nimo,Aquatic,Gecko,Nimo,Sponge,Tiny Turtle,Babylonia,Nimo,Reptile,Bubble
1ec9eb6f-586d-68eb-a60c-b1b3efc00841,Harvey York | YGG,93,Challenger,0,cute_ena;s6_goldenwood,2024-01-05 13:31:07,11936310,11934316,11918875,2111,rune_neutral_3011_s6,rune_mech_4011_s6_nondec,rune_dawn_4011_s6_nondec,ecard_neutral_3010_s6,ecard_neutral_3010_s6,,ecard_neutral_2011_s6,ecard_bug_4011_s6_nondec,ecard_aquatic_3013_s6_nft,ecard_aquatic_2011_s6_nft,ecard_neutral_3010_s6,ecard_neutral_2017_s6,,ecard_bug_4011_s6_nft,ecard_aquatic_2013_s6_nft,ecard_neutral_3010_s6,ecard_aquatic_3010_s6_nft,ecard_neutral_1010_s6,ecard_aquatic_2011_s6_nft,ecard_neutral_3011_s6,ecard_aquatic_3013_s6_nft,Sleepless,Nimo,Sandal,Square Teeth,Babylonia,Nimo,Aquatic,Sleepless,Nimo,Sandal,Square Teeth,Babylonia,Nimo,Mech,Sleepless,Nimo,Sandal,Piranha,Babylonia,Nimo,Dawn,Sandal
1ec9eb6f-5c35-6950-a60c-a0cca0996719,KING KITS YouTube Rus,94,Challenger,0,tournament_atia;s6_serpentwood,2024-01-05 14:43:15,6376004,11823579,11719057,2111,rune_neutral_3011_s6,rune_dawn_3010_s6_nft,rune_bug_4011_s6_nft,ecard_plant_3010_s6_nft,ecard_plant_3010_s6_nft,ecard_aquatic_3012_s6_nondec,ecard_reptile_2011_s6_nft,ecard_plant_3010_s6_nft,,ecard_neutral_1001,ecard_neutral_1001,ecard_aquatic_3012_s6_nft,ecard_neutral_2017_s6_nft,ecard_plant_4010_s6_nondec,ecard_neutral_1001,ecard_reptile_2011_s6_nft,ecard_neutral_2017_s6,ecard_aquatic_4011_s6_nondec,ecard_neutral_1001,ecard_neutral_2010_s6_nft,ecard_neutral_2010_s6_nft,Papi,Nimo,Pumpkin,Serious,Bumpy,Nimo,Plant,Tricky,Nimo,Pumpkin,Silence Whisper,Lagging,Nimo,Dawn,Topaz,Tiny Fan,Goldfish,Pincer,Wing Horn,Nimo,Bug,Tiny Fan
1ec9eb77-65db-6469-a60c-522aea63d66a,HIDDEN CHARM,95,Challenger,0,0;silver_s1,2024-01-05 11:29:52,11936721,11910605,11934781,2110,rune_neutral_3011_s6_nft,rune_mech_4011_s6_nft,rune_dawn_4011_s6_nft,ecard_neutral_3010_s6,ecard_neutral_3010_s6,ecard_neutral_2013_s6,ecard_neutral_2018_s6,ecard_neutral_4011_s6,,ecard_aquatic_2011_s6_nft,ecard_neutral_3010_s6_nft,ecard_neutral_2017_s6_nondec,,ecard_bug_4011_s6_nft,ecard_aquatic_2013_s6_nft,ecard_neutral_3010_s6,ecard_aquatic_2011_s6_nft,,ecard_bird_3011_s6_nft,ecard_neutral_4011_s6_nft,ecard_aquatic_3013_s6_nft,Sleepless,Nimo,Sandal,Square Teeth,Oranda,Nimo,Aquatic,Sleepless,Nimo,Sandal,Square Teeth,Babylonia,Nimo,Mech,Sleepless,Nimo,Sandal,Piranha,Trump,Nimo,Dawn,Sandal
1ec9eb6f-6dcf-60d1-a60c-28b5bccb9b67,√ò‚àÜ     gg.mafiaxie.gg     ‚àÜ√ò,96,Challenger,0,momo_vday23;puffy_postseason_6,2024-01-05 09:20:35,11929939,11955257,11876638,2109,rune_neutral_3011_s6,rune_mech_4011_s6_nft,rune_dawn_4011_s6_nft,,ecard_neutral_3010_s6_nft,,ecard_neutral_2018_s6,ecard_neutral_4011_s6_nft,ecard_aquatic_3013_s6_nft,ecard_aquatic_2011_s6_nft,ecard_neutral_3010_s6_nft,ecard_neutral_2017_s6_nft,,ecard_bug_4011_s6_nft,ecard_aquatic_3013_s6_nft,ecard_neutral_3010_s6_nft,ecard_aquatic_2011_s6_nft,,ecard_bird_3011_s6_nft,ecard_neutral_4010_s6_nft,ecard_aquatic_3013_s6_nft,Sleepless,Nimo,Sandal,Square Teeth,Oranda,Nimo,Aquatic,Sleepless,Nimo,Sandal,Square Teeth,Oranda,Nimo,Mech,Sleepless,Nimo,Sandal,Piranha,Trump,Nimo,Dawn,Sandal
1ec9eb7e-6de9-6660-a60c-cd9b7935857f,X.com@RUTSTHELON | Colombia,97,Challenger,0,s2_top1k;s6_serpentwood,2024-01-05 14:19:38,11900177,11925300,11902924,2108,rune_neutral_3011_s6,rune_mech_4011_s6_nft,rune_dawn_4011_s6_nft,ecard_aquatic_2011_s6_nft,ecard_neutral_3010_s6_nft,,ecard_neutral_3010_s6_nondec,ecard_bug_4011_s6_nft,ecard_aquatic_3013_s6_nft,,ecard_neutral_3010_s6_nft,ecard_neutral_2017_s6,ecard_aquatic_2011_s6_nft,ecard_bug_4011_s6_nft,ecard_aquatic_3013_s6_nft,ecard_neutral_3010_s6_nft,ecard_aquatic_3010_s6_nft,ecard_neutral_2013_s6,ecard_aquatic_2011_s6_nft,ecard_neutral_3011_s6,ecard_aquatic_3013_s6_nft,Sleepless,Nimo,Sandal,Square Teeth,Babylonia,Nimo,Aquatic,Sleepless,Nimo,Sandal,Square Teeth,Babylonia,Nimo,Mech,Sleepless,Nimo,Sandal,Piranha,Babylonia,Nimo,Dawn,Sandal
1ec9eb6f-575a-6101-a60c-8b0603823f5a,GRD-BR,98,Challenger,0,latam_1;latam_1,2024-01-05 14:47:02,11632615,11867117,11868428,2107,rune_neutral_3012_s6_nondec,rune_aquatic_4010_s6_nondec,rune_neutral_3011_s6,,ecard_neutral_2017_s6_nondec,ecard_neutral_2017_s6,ecard_aquatic_2011_s6_nft,ecard_aquatic_3013_s6_nft,ecard_aquatic_3013_s6_nft,,ecard_neutral_3012_s6,ecard_aquatic_2013_s6_nft,,ecard_aquatic_puffy_1,ecard_neutral_2010_s6,,ecard_neutral_3010_s6_nft,ecard_aquatic_3013_s6_nondec,ecard_plant_2011_s6_nft,ecard_aquatic_3013_s6_nondec,ecard_neutral_2010_s6,Telescope,Nimo,Sponge,Pincer,Oranda,Nimo,Dusk,Clear,Nimo,Sponge,Square Teeth,Oranda,Nimo,Aquatic,Clear,Nimo,Sponge,Square Teeth,Cactus,Nimo,Reptile,Bubble
1ec9eb7e-414e-61f2-a60c-ed87f735de8e,Tr@n Hung,99,Challenger,0,turtle_buoy;s5_serpentwood,2024-01-05 10:25:47,11945449,11934350,11938729,2106,rune_neutral_3011_s6_nondec,rune_mech_4011_s6_nft,rune_dawn_4011_s6_nft,ecard_neutral_2011_s6,ecard_neutral_3010_s6_nft,,ecard_neutral_2018_s6,ecard_bug_4011_s6_nft,ecard_aquatic_3013_s6_nft,ecard_neutral_3010_s6_nft,ecard_neutral_3010_s6_nft,,ecard_aquatic_2011_s6_nft,ecard_bug_4011_s6_nft,ecard_aquatic_3013_s6_nft,ecard_neutral_3010_s6_nft,ecard_aquatic_2011_s6_nft,,ecard_bird_3011_s6_nft,ecard_neutral_4011_s6_nondec,ecard_aquatic_3013_s6_nondec,Sleepless,Nimo,Sandal,Square Teeth,Oranda,Nimo,Aquatic,Sleepless,Nimo,Sandal,Square Teeth,Babylonia,Nimo,Mech,Sleepless,Nimo,Sandal,Piranha,Trump,Nimo,Dawn,Sandal
1ed47ad1-e453-693b-8a28-108ddd08b24d,bagle | sushiclub,100,Challenger,0,easter_momo;s5_goldenwood,2024-01-05 07:11:17,11802444,11804747,11862724,2105,rune_neutral_3011_s6_nft,rune_aquatic_4010_s6_nft,rune_neutral_3012_s6_nft,,ecard_neutral_2017_s6,ecard_neutral_1010_s6,ecard_neutral_2018_s6_nft,ecard_aquatic_3013_s6_nft,ecard_aquatic_3013_s6_nft,,ecard_neutral_3012_s6,ecard_aquatic_2013_s6_nft,,ecard_aquatic_puffy_1,ecard_neutral_2010_s6_nft,ecard_reptile_3013_s6_nft,ecard_neutral_2018_s6_nft,ecard_reptile_3013_s6_nft,,,ecard_aquatic_3013_s6_nft,Clear,Nimo,Sponge,Confident,Oranda,Nimo,Dawn,Clear,Nimo,Sponge,Square Teeth,Shoal Star,Nimo,Aquatic,Gecko,Pogona,Sponge,Tiny Turtle,Babylonia,Nimo,Reptile,Bubble
